customer_id,signup_month,plan_tier,region,arpu,cac,is_active,churn_month,nps,expansion_rate
CUST-0001,2022-08-01,Starter,APAC,95.92,231.2,False,2022-09-01,37,0.0625
CUST-0002,2024-06-01,Starter,APAC,72.74,236.36,True,,45,0.0375
CUST-0003,2022-03-01,Starter,US,111.6,336.06,False,2022-04-01,35,0.0431
CUST-0004,2024-04-01,Starter,UK,86.41,224.41,False,2024-05-01,41,0.0746
CUST-0005,2022-02-01,Starter,EU,85.51,241.59,False,2022-03-01,33,0.0437
CUST-0006,2023-03-01,Enterprise,EU,950.44,2587.95,False,2024-05-01,67,0.0689
CUST-0007,2024-09-01,Growth,EU,381.79,870.52,True,,42,0.0601
CUST-0008,2023-10-01,Growth,US,466.16,688.89,False,2024-06-01,37,0.0265
CUST-0009,2024-08-01,Starter,US,101.73,227.87,True,,42,0.0575
CUST-0010,2024-04-01,Starter,UK,108.22,237.31,True,,38,0.0716
CUST-0011,2022-09-01,Starter,US,89.09,338.49,False,2024-01-01,47,0.0608
CUST-0012,2022-06-01,Growth,US,272.62,768.85,False,2023-08-01,30,0.0507
CUST-0013,2024-09-01,Starter,US,83.85,303.55,True,,53,0.0337
CUST-0014,2022-02-01,Starter,APAC,119.78,393.08,False,2024-01-01,38,0.0496
CUST-0015,2022-08-01,Starter,US,110.95,331.52,False,2023-12-01,24,0.0764
CUST-0016,2024-11-01,Enterprise,APAC,2071.12,4859.22,True,,59,0.0543
CUST-0017,2023-09-01,Enterprise,UK,1124.55,2805.42,True,,48,0.0354
CUST-0018,2022-07-01,Growth,UK,350.45,819.32,False,2023-03-01,28,0.0479
CUST-0019,2023-10-01,Growth,UK,275.08,515.53,True,,43,0.046
CUST-0020,2024-02-01,Growth,UK,488.79,834.39,True,,40,0.0533
CUST-0021,2022-12-01,Growth,US,369.81,563.46,False,2023-07-01,51,0.0408
CUST-0022,2022-10-01,Starter,US,116.95,377.34,False,2022-11-01,40,0.076
CUST-0023,2022-04-01,Growth,US,384.76,877.56,False,2023-08-01,29,0.0593
CUST-0024,2024-10-01,Starter,EU,75.64,299.21,True,,46,0.0224
CUST-0025,2024-12-01,Starter,APAC,70.65,350.12,True,,34,0.0423
CUST-0026,2024-08-01,Growth,US,457.52,671.6,True,,46,0.0696
CUST-0027,2024-12-01,Starter,EU,60.65,381.08,True,,38,0.077
CUST-0028,2022-05-01,Growth,US,287.96,631.47,True,,43,0.0666
CUST-0029,2024-02-01,Growth,US,299.08,673.78,True,,45,0.0462
CUST-0030,2023-09-01,Growth,APAC,213.02,869.86,True,,36,0.0401
CUST-0031,2022-08-01,Starter,US,81.2,316.73,False,2024-01-01,34,0.0686
CUST-0032,2023-09-01,Enterprise,UK,2074.28,3178.97,False,2024-02-01,52,0.0245
CUST-0033,2022-05-01,Growth,US,498.99,722.17,False,2024-04-01,51,0.0622
CUST-0034,2024-10-01,Starter,UK,81.04,317.98,True,,48,0.0409
CUST-0035,2024-06-01,Growth,EU,386.63,844.95,True,,24,0.058
CUST-0036,2023-11-01,Starter,UK,67.68,230.38,False,2024-08-01,34,0.0301
CUST-0037,2023-09-01,Starter,UK,92.92,306.88,False,2024-08-01,36,0.0522
CUST-0038,2024-04-01,Enterprise,UK,1427.15,3387.6,True,,55,0.052
CUST-0039,2024-04-01,Starter,UK,61.2,264.42,True,,58,0.0647
CUST-0040,2022-06-01,Starter,UK,113.98,321.51,False,2022-10-01,45,0.0335
CUST-0041,2024-06-01,Starter,US,71.19,257.02,True,,38,0.0719
CUST-0042,2022-02-01,Growth,UK,367.03,728.65,True,,44,0.024
CUST-0043,2024-05-01,Growth,US,241.93,818.11,True,,57,0.0463
CUST-0044,2024-09-01,Starter,US,104.86,300.54,True,,30,0.0744
CUST-0045,2022-06-01,Growth,UK,299.84,792.22,False,2024-07-01,58,0.063
CUST-0046,2022-10-01,Growth,EU,302.76,590.94,False,2023-10-01,64,0.0591
CUST-0047,2022-09-01,Growth,US,327.24,794.58,False,2023-12-01,34,0.0522
CUST-0048,2023-06-01,Enterprise,US,1617.42,4755.36,True,,38,0.038
CUST-0049,2023-07-01,Starter,US,80.96,293.65,True,,47,0.0352
CUST-0050,2022-08-01,Starter,US,66.25,359.98,False,2023-09-01,13,0.0251
CUST-0051,2023-07-01,Starter,UK,94.98,284.28,True,,31,0.0213
CUST-0052,2024-01-01,Starter,US,75.47,227.87,False,2024-06-01,48,0.0749
CUST-0053,2024-10-01,Starter,US,93.25,330.28,False,2024-12-01,37,0.056
CUST-0054,2023-05-01,Growth,UK,325.63,653.26,False,2024-11-01,54,0.0357
CUST-0055,2024-10-01,Growth,UK,387.0,689.69,True,,52,0.0476
CUST-0056,2024-06-01,Starter,UK,60.32,220.62,True,,51,0.0775
CUST-0057,2023-05-01,Growth,US,397.64,776.91,False,2023-11-01,49,0.0308
CUST-0058,2023-02-01,Growth,APAC,236.16,792.41,True,,47,0.0456
CUST-0059,2024-11-01,Enterprise,US,2279.17,2063.81,True,,49,0.0488
CUST-0060,2022-10-01,Growth,EU,227.51,634.55,False,2022-12-01,59,0.048
CUST-0061,2023-06-01,Starter,EU,74.02,208.42,False,2023-06-01,34,0.0431
CUST-0062,2022-06-01,Growth,UK,494.7,853.68,False,2023-06-01,47,0.0774
CUST-0063,2023-11-01,Growth,EU,465.14,871.1,True,,38,0.0733
CUST-0064,2022-09-01,Enterprise,EU,1359.39,4794.77,False,2022-12-01,51,0.0617
CUST-0065,2023-01-01,Starter,US,113.67,398.3,True,,37,0.0201
CUST-0066,2022-12-01,Growth,EU,201.92,614.82,True,,43,0.0723
CUST-0067,2024-12-01,Enterprise,APAC,1900.88,3783.19,True,,66,0.0352
CUST-0068,2024-10-01,Starter,UK,119.83,285.24,True,,30,0.0616
CUST-0069,2023-02-01,Starter,UK,73.8,226.27,False,2023-04-01,39,0.0714
CUST-0070,2022-05-01,Enterprise,EU,2472.76,3228.0,True,,57,0.0386
CUST-0071,2023-06-01,Starter,UK,100.83,279.11,False,2024-05-01,20,0.0408
CUST-0072,2024-09-01,Growth,APAC,355.31,535.15,False,2024-10-01,44,0.0247
CUST-0073,2024-02-01,Starter,UK,101.37,360.12,False,2024-07-01,53,0.0723
CUST-0074,2022-07-01,Growth,EU,398.25,721.2,False,2024-01-01,48,0.0592
CUST-0075,2022-03-01,Starter,US,64.89,280.65,False,2023-06-01,50,0.0559
CUST-0076,2022-12-01,Growth,EU,315.15,686.33,False,2024-09-01,29,0.0553
CUST-0077,2023-11-01,Growth,US,336.14,594.42,False,2024-10-01,53,0.0485
CUST-0078,2024-04-01,Growth,EU,459.26,723.26,False,2024-05-01,57,0.0792
CUST-0079,2024-02-01,Starter,UK,62.36,224.42,False,2024-06-01,36,0.0721
CUST-0080,2023-11-01,Starter,US,100.01,227.93,False,2023-11-01,39,0.0385
CUST-0081,2022-08-01,Growth,UK,490.97,537.56,False,2023-08-01,46,0.0606
CUST-0082,2022-05-01,Starter,EU,94.63,269.71,False,2024-10-01,39,0.0552
CUST-0083,2022-02-01,Starter,US,87.81,275.96,False,2022-05-01,23,0.0439
CUST-0084,2023-03-01,Growth,US,318.31,719.77,True,,29,0.044
CUST-0085,2024-06-01,Enterprise,EU,1107.95,4043.35,True,,68,0.053
CUST-0086,2023-01-01,Starter,US,96.1,363.84,False,2024-12-01,34,0.0585
CUST-0087,2022-10-01,Growth,US,277.07,752.81,False,2023-06-01,55,0.0562
CUST-0088,2024-12-01,Starter,APAC,65.14,378.84,True,,29,0.0394
CUST-0089,2022-04-01,Starter,US,86.54,366.37,False,2023-01-01,20,0.0797
CUST-0090,2023-10-01,Starter,US,93.74,391.53,True,,21,0.0756
CUST-0091,2023-09-01,Growth,EU,227.88,602.82,True,,48,0.054
CUST-0092,2023-06-01,Starter,US,97.68,334.86,False,2023-12-01,49,0.0292
CUST-0093,2023-06-01,Starter,APAC,98.46,364.5,False,2024-06-01,40,0.0459
CUST-0094,2023-06-01,Starter,US,76.67,370.29,False,2023-06-01,35,0.0211
CUST-0095,2024-07-01,Growth,US,218.4,812.3,True,,39,0.0273
CUST-0096,2023-04-01,Starter,UK,101.5,323.61,True,,30,0.0549
CUST-0097,2022-05-01,Growth,UK,264.56,504.85,False,2024-08-01,44,0.0582
CUST-0098,2022-08-01,Growth,EU,268.09,855.76,False,2023-02-01,54,0.0648
CUST-0099,2024-11-01,Growth,EU,203.63,882.6,True,,35,0.0665
CUST-0100,2022-05-01,Growth,UK,364.88,832.21,False,2023-02-01,31,0.0353
CUST-0101,2024-01-01,Starter,UK,91.82,208.39,True,,29,0.0459
CUST-0102,2023-10-01,Starter,US,76.43,385.66,False,2023-12-01,22,0.0795
CUST-0103,2022-12-01,Growth,US,475.68,600.9,True,,48,0.0657
CUST-0104,2023-04-01,Starter,US,108.71,348.34,False,2024-08-01,44,0.065
CUST-0105,2023-04-01,Growth,EU,244.67,622.24,False,2024-02-01,29,0.0677
CUST-0106,2022-04-01,Starter,US,90.61,344.68,False,2022-07-01,47,0.0492
CUST-0107,2023-07-01,Growth,US,349.48,530.82,True,,57,0.0271
CUST-0108,2022-11-01,Starter,EU,104.4,390.06,False,2023-09-01,40,0.0712
CUST-0109,2023-08-01,Starter,US,108.16,291.64,False,2024-11-01,25,0.0348
CUST-0110,2023-04-01,Enterprise,UK,1431.05,3286.66,True,,46,0.0788
CUST-0111,2023-12-01,Starter,EU,80.3,261.74,False,2024-03-01,28,0.0253
CUST-0112,2023-12-01,Growth,US,234.43,844.06,True,,61,0.0591
CUST-0113,2022-10-01,Growth,UK,493.42,817.6,False,2023-04-01,48,0.0297
CUST-0114,2024-04-01,Starter,APAC,106.32,205.43,True,,26,0.0665
CUST-0115,2022-10-01,Enterprise,UK,959.86,3070.01,True,,54,0.0273
CUST-0116,2024-04-01,Growth,US,464.58,671.0,False,2024-05-01,48,0.0536
CUST-0117,2024-10-01,Growth,EU,262.93,651.61,True,,47,0.0388
CUST-0118,2022-12-01,Starter,EU,80.11,234.75,True,,42,0.0586
CUST-0119,2023-03-01,Growth,US,263.79,513.28,True,,42,0.0715
CUST-0120,2023-07-01,Starter,APAC,108.29,203.6,False,2024-06-01,39,0.0481
CUST-0121,2024-11-01,Starter,US,73.58,346.05,True,,23,0.0793
CUST-0122,2024-06-01,Growth,US,328.75,607.11,True,,32,0.0515
CUST-0123,2024-10-01,Starter,EU,112.74,314.35,True,,49,0.0561
CUST-0124,2023-09-01,Enterprise,US,1873.22,3775.09,True,,51,0.0227
CUST-0125,2022-01-01,Starter,UK,87.03,294.59,False,2022-08-01,37,0.0371
CUST-0126,2022-09-01,Starter,US,109.0,256.91,False,2023-01-01,37,0.0605
CUST-0127,2022-01-01,Starter,US,83.39,345.97,False,2022-10-01,43,0.0224
CUST-0128,2022-04-01,Enterprise,UK,1452.53,3368.71,False,2023-04-01,60,0.0582
CUST-0129,2024-04-01,Enterprise,US,1092.14,3913.63,True,,62,0.0685
CUST-0130,2023-12-01,Starter,US,99.14,369.12,True,,33,0.0549
CUST-0131,2024-12-01,Starter,US,83.58,305.16,True,,39,0.0227
CUST-0132,2023-07-01,Growth,APAC,207.63,758.33,False,2024-09-01,34,0.0503
CUST-0133,2024-03-01,Enterprise,US,1155.07,4776.91,True,,56,0.0527
CUST-0134,2023-05-01,Starter,US,83.13,268.08,False,2024-03-01,34,0.0405
CUST-0135,2022-04-01,Starter,APAC,80.84,316.09,False,2023-04-01,61,0.0337
CUST-0136,2022-11-01,Enterprise,APAC,1400.88,3375.4,True,,39,0.0555
CUST-0137,2022-09-01,Growth,US,217.84,501.27,False,2023-02-01,53,0.0758
CUST-0138,2022-10-01,Starter,EU,68.07,259.88,False,2023-03-01,42,0.0799
CUST-0139,2022-07-01,Growth,EU,200.7,517.66,False,2022-10-01,46,0.062
CUST-0140,2024-10-01,Starter,US,64.66,281.51,True,,36,0.0267
CUST-0141,2024-10-01,Growth,APAC,201.83,540.38,True,,40,0.0487
CUST-0142,2024-07-01,Starter,EU,73.94,256.2,True,,41,0.0336
CUST-0143,2023-09-01,Growth,APAC,264.39,666.45,True,,38,0.0295
CUST-0144,2022-11-01,Enterprise,EU,1261.63,3207.34,True,,70,0.0758
CUST-0145,2023-11-01,Growth,EU,276.27,850.2,True,,47,0.0662
CUST-0146,2023-01-01,Starter,EU,84.99,364.44,False,2024-09-01,26,0.0267
CUST-0147,2022-10-01,Growth,UK,204.41,651.64,False,2022-11-01,42,0.0496
CUST-0148,2023-12-01,Starter,US,103.49,375.53,False,2023-12-01,25,0.0439
CUST-0149,2023-04-01,Growth,US,431.88,708.52,False,2023-06-01,51,0.0272
CUST-0150,2024-01-01,Starter,UK,106.39,303.59,False,2024-03-01,40,0.038
CUST-0151,2022-09-01,Growth,APAC,364.09,831.91,True,,56,0.0768
CUST-0152,2024-07-01,Starter,EU,102.46,212.44,False,2024-08-01,40,0.0579
CUST-0153,2024-03-01,Starter,UK,105.67,270.85,True,,44,0.0605
CUST-0154,2022-11-01,Starter,APAC,83.51,331.82,False,2023-10-01,34,0.0209
CUST-0155,2024-10-01,Growth,EU,409.49,658.08,True,,49,0.0386
CUST-0156,2023-05-01,Starter,US,69.76,313.02,False,2023-07-01,40,0.0205
CUST-0157,2023-09-01,Starter,APAC,73.32,264.33,False,2024-01-01,55,0.0271
CUST-0158,2024-03-01,Starter,US,117.29,298.94,False,2024-07-01,32,0.0235
CUST-0159,2023-05-01,Starter,UK,107.25,250.2,False,2024-02-01,30,0.077
CUST-0160,2023-09-01,Growth,US,355.01,803.51,True,,51,0.0241
CUST-0161,2022-03-01,Enterprise,US,961.59,4480.24,False,2023-10-01,64,0.0231
CUST-0162,2024-12-01,Starter,US,104.51,369.69,True,,33,0.0382
CUST-0163,2024-03-01,Starter,EU,76.29,225.07,True,,17,0.0577
CUST-0164,2024-01-01,Starter,US,67.8,312.02,True,,36,0.0407
CUST-0165,2022-09-01,Starter,UK,80.72,267.12,False,2023-09-01,19,0.0623
CUST-0166,2023-07-01,Growth,US,328.88,623.53,True,,41,0.0577
CUST-0167,2024-09-01,Starter,UK,92.93,257.53,True,,28,0.0241
CUST-0168,2023-07-01,Growth,UK,403.26,528.84,False,2024-08-01,60,0.047
CUST-0169,2022-05-01,Enterprise,UK,2464.23,3666.49,False,2024-11-01,76,0.0328
CUST-0170,2023-10-01,Enterprise,UK,1862.85,3120.66,True,,45,0.0734
CUST-0171,2023-03-01,Starter,EU,109.04,302.55,False,2023-12-01,25,0.0329
CUST-0172,2024-06-01,Growth,US,485.45,835.4,True,,26,0.0643
CUST-0173,2023-05-01,Growth,UK,476.23,733.78,False,2024-11-01,45,0.0234
CUST-0174,2023-03-01,Starter,APAC,76.86,342.59,False,2023-03-01,15,0.0445
CUST-0175,2024-05-01,Enterprise,UK,919.84,2556.94,True,,84,0.0414
CUST-0176,2024-01-01,Starter,EU,109.69,243.21,True,,47,0.0677
CUST-0177,2023-04-01,Enterprise,US,2072.2,3317.63,False,2023-12-01,64,0.0509
CUST-0178,2023-05-01,Starter,UK,84.85,346.48,True,,44,0.0322
CUST-0179,2022-01-01,Starter,US,97.89,306.5,False,2023-01-01,61,0.0577
CUST-0180,2024-01-01,Growth,UK,419.39,778.91,False,2024-12-01,33,0.0446
CUST-0181,2022-02-01,Growth,UK,220.09,850.94,False,2023-11-01,51,0.049
CUST-0182,2023-03-01,Starter,EU,62.92,316.2,False,2023-09-01,23,0.0324
CUST-0183,2024-04-01,Growth,US,258.49,856.16,True,,63,0.0363
CUST-0184,2022-02-01,Starter,US,85.49,381.57,False,2024-07-01,32,0.0356
CUST-0185,2024-11-01,Starter,EU,109.46,326.01,True,,21,0.0509
CUST-0186,2023-01-01,Growth,US,447.62,837.95,False,2024-03-01,41,0.0416
CUST-0187,2024-11-01,Growth,US,204.72,506.86,True,,37,0.0507
CUST-0188,2022-05-01,Starter,APAC,111.87,317.39,False,2023-12-01,30,0.0473
CUST-0189,2023-06-01,Growth,EU,233.02,870.02,False,2024-10-01,43,0.0473
CUST-0190,2024-04-01,Growth,APAC,346.55,660.75,False,2024-12-01,32,0.0454
CUST-0191,2023-04-01,Starter,US,101.44,319.36,True,,49,0.045
CUST-0192,2023-12-01,Starter,US,66.06,233.5,True,,37,0.0604
CUST-0193,2023-10-01,Starter,UK,113.89,355.36,False,2024-10-01,36,0.0465
CUST-0194,2024-10-01,Enterprise,US,1579.33,4175.02,True,,53,0.0717
CUST-0195,2023-01-01,Starter,US,119.37,377.9,True,,26,0.0543
CUST-0196,2024-04-01,Starter,UK,89.45,281.31,True,,39,0.0402
CUST-0197,2022-05-01,Growth,US,252.54,769.11,False,2022-10-01,47,0.0576
CUST-0198,2024-09-01,Growth,UK,366.3,579.8,True,,48,0.0566
CUST-0199,2023-01-01,Enterprise,EU,1595.72,3398.9,True,,54,0.0342
CUST-0200,2023-02-01,Starter,EU,114.9,237.83,False,2023-06-01,30,0.0541
CUST-0201,2024-05-01,Growth,UK,456.95,834.03,True,,35,0.0376
CUST-0202,2023-05-01,Starter,US,99.2,238.46,True,,22,0.0791
CUST-0203,2024-03-01,Enterprise,US,957.01,2488.37,True,,63,0.069
CUST-0204,2023-03-01,Growth,UK,338.72,845.99,True,,46,0.055
CUST-0205,2023-11-01,Starter,US,99.52,386.31,False,2024-05-01,39,0.0263
CUST-0206,2024-05-01,Growth,US,267.88,858.28,True,,50,0.0537
CUST-0207,2024-06-01,Starter,US,75.58,393.94,False,2024-08-01,36,0.0475
CUST-0208,2022-01-01,Starter,US,68.27,337.75,False,2022-07-01,31,0.0534
CUST-0209,2023-02-01,Starter,EU,114.77,313.14,False,2023-09-01,29,0.0452
CUST-0210,2024-02-01,Growth,APAC,322.32,564.49,True,,47,0.0413
CUST-0211,2023-12-01,Growth,US,383.55,649.38,True,,29,0.0501
CUST-0212,2022-02-01,Growth,APAC,465.85,873.72,False,2024-02-01,48,0.0363
CUST-0213,2022-04-01,Starter,APAC,79.46,246.78,False,2024-09-01,30,0.0246
CUST-0214,2023-10-01,Starter,EU,118.48,227.09,False,2024-02-01,25,0.0224
CUST-0215,2024-02-01,Growth,US,484.03,812.65,False,2024-07-01,45,0.054
CUST-0216,2022-12-01,Growth,UK,323.15,565.33,True,,37,0.0445
CUST-0217,2024-12-01,Starter,UK,95.09,267.51,True,,22,0.0387
CUST-0218,2022-06-01,Starter,UK,112.51,358.1,False,2022-09-01,22,0.0594
CUST-0219,2022-04-01,Growth,UK,281.19,532.49,False,2024-02-01,35,0.0659
CUST-0220,2023-07-01,Starter,EU,67.56,395.83,False,2024-12-01,28,0.0279
CUST-0221,2024-03-01,Growth,EU,420.25,636.53,False,2024-07-01,43,0.0217
CUST-0222,2024-12-01,Growth,US,252.39,618.37,True,,41,0.0779
CUST-0223,2024-04-01,Starter,EU,69.95,204.94,True,,43,0.0797
CUST-0224,2024-12-01,Growth,US,384.35,732.48,True,,52,0.0654
CUST-0225,2023-09-01,Starter,APAC,98.02,318.69,False,2023-09-01,25,0.0599
CUST-0226,2024-08-01,Growth,US,444.03,869.7,True,,56,0.0373
CUST-0227,2024-07-01,Starter,EU,79.36,310.87,True,,48,0.043
CUST-0228,2024-03-01,Growth,APAC,272.09,537.99,True,,47,0.0396
CUST-0229,2024-05-01,Starter,US,111.57,318.46,True,,36,0.0604
CUST-0230,2023-10-01,Growth,US,269.76,590.41,True,,43,0.0363
CUST-0231,2024-04-01,Starter,US,113.88,361.98,True,,31,0.066
CUST-0232,2022-04-01,Growth,US,318.78,802.5,True,,43,0.0441
CUST-0233,2024-10-01,Starter,UK,62.29,323.99,False,2024-12-01,27,0.027
CUST-0234,2024-03-01,Starter,UK,95.57,229.67,True,,32,0.032
CUST-0235,2022-12-01,Starter,EU,109.72,356.69,False,2023-07-01,39,0.0548
CUST-0236,2024-09-01,Enterprise,EU,1053.54,4357.78,False,2024-12-01,29,0.0336
CUST-0237,2022-02-01,Growth,US,393.19,652.38,True,,40,0.0231
CUST-0238,2023-07-01,Starter,US,113.01,254.12,False,2023-09-01,22,0.0215
CUST-0239,2022-03-01,Growth,US,463.41,723.15,False,2024-04-01,56,0.0446
CUST-0240,2023-08-01,Starter,US,94.78,204.44,False,2023-09-01,48,0.0781
CUST-0241,2024-06-01,Growth,APAC,347.12,567.8,True,,65,0.0588
CUST-0242,2024-02-01,Growth,US,462.29,832.25,True,,35,0.0682
CUST-0243,2024-02-01,Enterprise,UK,2313.23,3956.83,False,2024-10-01,60,0.046
CUST-0244,2022-06-01,Starter,US,81.33,333.84,False,2023-05-01,51,0.0413
CUST-0245,2022-06-01,Growth,US,299.17,797.89,False,2024-02-01,36,0.0275
CUST-0246,2024-01-01,Starter,US,61.35,372.33,True,,48,0.0384
CUST-0247,2022-06-01,Growth,US,384.63,532.63,False,2023-01-01,58,0.0679
CUST-0248,2024-11-01,Enterprise,UK,1747.59,4121.05,True,,66,0.0732
CUST-0249,2022-10-01,Growth,UK,262.52,553.17,False,2023-02-01,41,0.0414
CUST-0250,2022-07-01,Enterprise,UK,1331.42,3232.05,True,,41,0.031
CUST-0251,2023-07-01,Enterprise,US,2139.55,4709.74,True,,51,0.0306
CUST-0252,2023-09-01,Starter,US,100.96,247.12,True,,33,0.0317
CUST-0253,2024-09-01,Growth,EU,256.76,788.15,True,,50,0.0263
CUST-0254,2024-07-01,Growth,EU,242.6,621.7,True,,53,0.0717
CUST-0255,2023-01-01,Starter,EU,77.9,355.1,False,2023-03-01,39,0.0421
CUST-0256,2024-10-01,Starter,US,70.05,292.52,False,2024-10-01,35,0.0273
CUST-0257,2024-03-01,Starter,UK,75.0,214.67,True,,43,0.0508
CUST-0258,2024-01-01,Starter,US,86.12,384.14,False,2024-02-01,26,0.0323
CUST-0259,2022-09-01,Starter,UK,93.23,302.6,True,,34,0.0521
CUST-0260,2023-06-01,Starter,EU,119.21,350.91,False,2024-01-01,35,0.0442
CUST-0261,2023-08-01,Starter,EU,109.65,200.12,True,,24,0.0299
CUST-0262,2023-07-01,Growth,UK,297.88,508.3,False,2024-09-01,33,0.0682
CUST-0263,2023-03-01,Enterprise,US,2293.31,4857.55,True,,58,0.0502
CUST-0264,2023-04-01,Growth,US,432.57,637.04,True,,38,0.0586
CUST-0265,2023-03-01,Growth,EU,427.79,785.07,True,,39,0.0267
CUST-0266,2022-11-01,Growth,US,272.07,677.51,False,2023-08-01,55,0.0501
CUST-0267,2022-09-01,Growth,US,294.21,699.68,False,2024-10-01,43,0.055
CUST-0268,2023-08-01,Starter,US,71.19,349.87,True,,28,0.0324
CUST-0269,2022-09-01,Starter,UK,81.48,266.73,True,,43,0.0271
CUST-0270,2024-02-01,Starter,UK,62.49,264.41,False,2024-11-01,41,0.0636
CUST-0271,2022-01-01,Starter,US,93.86,320.12,False,2024-08-01,14,0.0752
CUST-0272,2023-12-01,Starter,US,79.48,334.55,True,,31,0.0789
CUST-0273,2023-11-01,Starter,EU,67.08,209.03,False,2024-03-01,56,0.0543
CUST-0274,2024-06-01,Starter,US,82.01,219.9,True,,20,0.0578
CUST-0275,2023-11-01,Starter,US,75.91,233.95,True,,46,0.0617
CUST-0276,2024-02-01,Starter,US,94.54,225.22,True,,36,0.0656
CUST-0277,2024-12-01,Growth,US,426.94,689.66,True,,40,0.0396
CUST-0278,2024-03-01,Starter,UK,110.84,241.2,False,2024-09-01,36,0.0429
CUST-0279,2022-09-01,Starter,UK,92.3,382.65,True,,32,0.0769
CUST-0280,2023-02-01,Starter,US,83.63,321.64,False,2023-05-01,37,0.038
CUST-0281,2024-02-01,Starter,UK,67.09,390.79,False,2024-05-01,46,0.0246
CUST-0282,2023-11-01,Starter,US,60.44,338.34,False,2023-12-01,28,0.0421
CUST-0283,2024-10-01,Enterprise,US,2256.62,3400.63,True,,61,0.0377
CUST-0284,2023-10-01,Starter,EU,111.82,399.36,False,2023-12-01,34,0.0636
CUST-0285,2023-08-01,Enterprise,UK,892.84,4915.54,True,,73,0.079
CUST-0286,2024-04-01,Starter,UK,117.68,327.18,False,2024-06-01,31,0.0212
CUST-0287,2023-07-01,Starter,US,107.01,202.1,True,,25,0.0443
CUST-0288,2023-09-01,Enterprise,UK,1466.85,3342.66,True,,45,0.0566
CUST-0289,2024-03-01,Enterprise,EU,1237.97,3349.83,True,,80,0.0336
CUST-0290,2023-06-01,Growth,EU,227.17,767.2,False,2023-09-01,44,0.0737
CUST-0291,2024-04-01,Starter,UK,89.05,358.8,False,2024-11-01,36,0.0467
CUST-0292,2023-06-01,Enterprise,US,1912.39,4617.56,True,,76,0.036
CUST-0293,2022-04-01,Starter,UK,109.31,227.79,False,2022-05-01,35,0.0204
CUST-0294,2022-02-01,Growth,US,333.41,730.62,False,2023-02-01,46,0.0706
CUST-0295,2023-10-01,Starter,UK,100.63,223.8,False,2024-08-01,23,0.072
CUST-0296,2022-04-01,Enterprise,US,1210.82,2204.11,False,2023-03-01,55,0.0446
CUST-0297,2024-02-01,Starter,EU,86.65,227.41,False,2024-07-01,36,0.0519
CUST-0298,2023-04-01,Starter,US,94.16,200.42,False,2023-11-01,25,0.047
CUST-0299,2024-08-01,Starter,APAC,99.15,210.54,True,,44,0.0381
CUST-0300,2023-03-01,Enterprise,US,1894.64,4502.97,True,,40,0.0697
CUST-0301,2024-03-01,Growth,UK,265.96,677.94,True,,42,0.0478
CUST-0302,2022-11-01,Growth,US,207.39,778.68,False,2023-12-01,32,0.0417
CUST-0303,2022-10-01,Growth,EU,216.53,670.76,False,2024-03-01,55,0.0734
CUST-0304,2023-09-01,Starter,US,112.16,347.37,False,2024-07-01,37,0.0632
CUST-0305,2024-05-01,Growth,US,363.94,536.54,True,,57,0.0396
CUST-0306,2023-12-01,Starter,US,117.99,288.15,True,,37,0.0406
CUST-0307,2022-06-01,Starter,US,106.61,214.16,False,2022-12-01,30,0.0772
CUST-0308,2022-11-01,Starter,EU,73.06,324.25,False,2022-11-01,34,0.049
CUST-0309,2023-12-01,Starter,APAC,90.04,382.36,True,,43,0.0351
CUST-0310,2024-02-01,Enterprise,UK,1134.33,4841.9,True,,35,0.0545
CUST-0311,2022-05-01,Growth,US,242.42,552.13,False,2023-06-01,54,0.0542
CUST-0312,2022-02-01,Growth,APAC,407.53,769.72,False,2024-05-01,43,0.0425
CUST-0313,2023-04-01,Growth,UK,480.63,891.92,False,2023-10-01,62,0.0342
CUST-0314,2022-05-01,Starter,EU,68.14,395.49,False,2023-10-01,26,0.0272
CUST-0315,2023-06-01,Growth,APAC,291.77,693.25,False,2024-03-01,54,0.0407
CUST-0316,2022-12-01,Starter,EU,84.66,320.86,False,2023-04-01,38,0.0724
CUST-0317,2024-06-01,Starter,UK,90.36,232.5,False,2024-12-01,35,0.0473
CUST-0318,2024-09-01,Growth,UK,332.81,792.89,True,,41,0.0342
CUST-0319,2024-02-01,Growth,EU,379.29,795.57,False,2024-02-01,38,0.0621
CUST-0320,2023-01-01,Starter,APAC,119.74,296.04,True,,35,0.0299
CUST-0321,2024-10-01,Starter,APAC,67.51,276.41,False,2024-10-01,31,0.0579
CUST-0322,2022-09-01,Growth,US,252.44,759.21,False,2024-03-01,54,0.0728
CUST-0323,2022-02-01,Enterprise,US,1257.06,4993.93,True,,37,0.0621
CUST-0324,2023-09-01,Starter,UK,80.5,390.66,True,,35,0.0551
CUST-0325,2022-03-01,Starter,UK,97.34,386.88,False,2022-11-01,33,0.0469
CUST-0326,2023-01-01,Starter,UK,117.65,380.57,False,2023-09-01,35,0.0373
CUST-0327,2024-05-01,Starter,UK,105.53,221.16,True,,2,0.0494
CUST-0328,2023-06-01,Growth,EU,376.37,873.82,True,,36,0.0397
CUST-0329,2022-06-01,Starter,UK,87.47,351.9,False,2022-08-01,49,0.0403
CUST-0330,2024-10-01,Growth,UK,375.03,685.04,True,,40,0.0693
CUST-0331,2024-05-01,Starter,UK,67.6,235.7,True,,44,0.0595
CUST-0332,2023-10-01,Enterprise,UK,888.44,2340.94,False,2023-10-01,44,0.08
CUST-0333,2024-12-01,Growth,EU,418.26,546.06,True,,34,0.0728
CUST-0334,2023-08-01,Starter,US,66.14,282.1,False,2024-11-01,40,0.0238
CUST-0335,2023-09-01,Starter,UK,104.74,399.12,False,2023-12-01,40,0.0237
CUST-0336,2024-11-01,Starter,UK,63.36,228.44,False,2024-11-01,38,0.0576
CUST-0337,2024-10-01,Starter,EU,113.13,202.0,True,,35,0.0499
CUST-0338,2024-06-01,Starter,US,108.16,357.61,True,,52,0.0615
CUST-0339,2022-12-01,Starter,UK,72.56,214.5,False,2023-09-01,24,0.0441
CUST-0340,2024-10-01,Starter,EU,69.2,273.31,True,,34,0.0624
CUST-0341,2024-04-01,Starter,US,62.83,235.29,False,2024-09-01,10,0.0783
CUST-0342,2022-03-01,Starter,US,83.44,333.17,False,2022-10-01,35,0.0255
CUST-0343,2023-03-01,Growth,EU,301.24,507.23,True,,37,0.0706
CUST-0344,2023-07-01,Starter,EU,90.53,212.49,False,2024-11-01,21,0.0622
CUST-0345,2022-08-01,Starter,US,86.59,275.24,False,2023-08-01,36,0.0527
CUST-0346,2022-10-01,Starter,UK,100.12,263.08,False,2024-10-01,58,0.0289
CUST-0347,2024-02-01,Growth,US,362.17,683.28,True,,49,0.0403
CUST-0348,2024-03-01,Enterprise,APAC,1693.81,4154.31,True,,64,0.0795
CUST-0349,2023-10-01,Starter,EU,65.29,282.73,False,2024-10-01,31,0.0389
CUST-0350,2024-02-01,Growth,APAC,262.48,582.09,True,,52,0.0552
CUST-0351,2023-04-01,Starter,EU,106.01,253.66,False,2024-04-01,44,0.0781
CUST-0352,2024-10-01,Starter,UK,62.98,218.94,False,2024-10-01,58,0.05
CUST-0353,2022-03-01,Growth,UK,269.12,774.08,True,,34,0.0735
CUST-0354,2023-05-01,Starter,UK,117.78,321.54,False,2023-07-01,13,0.0595
CUST-0355,2023-01-01,Starter,US,111.27,336.64,False,2023-01-01,40,0.0679
CUST-0356,2023-01-01,Growth,UK,424.17,583.77,True,,49,0.0402
CUST-0357,2024-09-01,Growth,APAC,367.74,701.11,True,,44,0.0657
CUST-0358,2024-05-01,Growth,US,284.97,852.56,True,,45,0.0405
CUST-0359,2024-09-01,Growth,US,223.55,852.5,True,,55,0.0729
CUST-0360,2022-10-01,Enterprise,EU,1937.56,3230.91,True,,35,0.0222
CUST-0361,2023-12-01,Starter,EU,95.41,284.54,True,,42,0.0769
CUST-0362,2024-07-01,Starter,US,95.24,217.08,True,,35,0.0446
CUST-0363,2022-07-01,Enterprise,EU,1136.61,3314.07,True,,55,0.0518
CUST-0364,2024-05-01,Starter,UK,92.61,214.55,True,,31,0.0685
CUST-0365,2022-07-01,Starter,US,82.74,260.55,True,,37,0.0766
CUST-0366,2022-02-01,Starter,UK,68.57,352.85,False,2024-09-01,23,0.0562
CUST-0367,2024-05-01,Growth,UK,293.81,735.26,True,,46,0.0446
CUST-0368,2023-01-01,Starter,UK,79.01,293.48,False,2023-06-01,45,0.0266
CUST-0369,2024-07-01,Starter,US,109.09,391.58,False,2024-11-01,45,0.0505
CUST-0370,2024-01-01,Starter,US,95.86,361.89,False,2024-06-01,40,0.0511
CUST-0371,2022-08-01,Starter,APAC,115.89,217.8,False,2024-06-01,45,0.0365
CUST-0372,2024-02-01,Enterprise,US,1184.46,4618.49,True,,40,0.0397
CUST-0373,2024-08-01,Starter,US,89.14,340.84,False,2024-08-01,46,0.0203
CUST-0374,2023-05-01,Enterprise,UK,1053.98,3529.96,False,2023-12-01,56,0.0392
CUST-0375,2023-07-01,Starter,UK,111.53,325.77,False,2024-03-01,37,0.0428
CUST-0376,2024-06-01,Growth,EU,480.32,519.39,False,2024-09-01,50,0.0442
CUST-0377,2024-02-01,Growth,EU,296.17,537.41,True,,45,0.0658
CUST-0378,2023-04-01,Starter,UK,105.16,294.75,False,2023-05-01,29,0.0692
CUST-0379,2024-09-01,Starter,US,118.14,386.62,True,,32,0.0267
CUST-0380,2022-11-01,Starter,US,70.05,275.8,False,2023-08-01,46,0.0683
CUST-0381,2023-03-01,Starter,EU,80.93,338.78,False,2024-08-01,38,0.0625
CUST-0382,2023-01-01,Starter,UK,64.71,271.28,False,2023-08-01,23,0.0791
CUST-0383,2022-10-01,Starter,UK,75.56,327.23,False,2023-07-01,45,0.0677
CUST-0384,2022-05-01,Starter,US,91.64,385.97,False,2023-06-01,41,0.0499
CUST-0385,2022-08-01,Starter,UK,85.95,324.63,False,2023-08-01,46,0.0386
CUST-0386,2024-04-01,Starter,UK,87.14,208.63,True,,50,0.0315
CUST-0387,2022-10-01,Starter,US,91.68,393.89,False,2023-06-01,28,0.0664
CUST-0388,2024-02-01,Starter,EU,88.92,214.09,True,,38,0.0601
CUST-0389,2024-09-01,Starter,APAC,88.3,314.33,False,2024-09-01,49,0.0735
CUST-0390,2024-08-01,Growth,UK,430.99,541.58,True,,59,0.0477
CUST-0391,2024-10-01,Starter,US,64.21,372.91,True,,25,0.0654
CUST-0392,2022-12-01,Starter,APAC,80.78,361.55,True,,38,0.0359
CUST-0393,2022-10-01,Growth,US,224.82,866.03,False,2023-12-01,49,0.0463
CUST-0394,2024-04-01,Growth,APAC,491.62,843.73,False,2024-07-01,45,0.0465
CUST-0395,2024-07-01,Starter,US,82.07,228.56,False,2024-12-01,51,0.0695
CUST-0396,2023-03-01,Starter,US,69.77,362.48,False,2023-09-01,43,0.0226
CUST-0397,2022-11-01,Growth,US,297.73,826.8,False,2023-10-01,47,0.0459
CUST-0398,2024-09-01,Growth,APAC,371.09,521.43,True,,39,0.0527
CUST-0399,2022-01-01,Starter,APAC,80.46,392.37,False,2023-11-01,25,0.0392
CUST-0400,2024-01-01,Enterprise,UK,1484.54,2623.53,True,,57,0.0753
CUST-0401,2022-11-01,Starter,APAC,116.64,279.26,False,2023-08-01,65,0.0301
CUST-0402,2024-02-01,Growth,APAC,259.13,850.15,True,,42,0.058
CUST-0403,2023-05-01,Starter,US,64.72,305.46,False,2024-07-01,36,0.0367
CUST-0404,2024-02-01,Starter,UK,101.16,249.98,True,,48,0.0468
CUST-0405,2023-09-01,Starter,EU,101.27,372.79,False,2024-08-01,38,0.033
CUST-0406,2022-01-01,Starter,US,113.8,242.14,False,2024-11-01,41,0.0722
CUST-0407,2023-01-01,Growth,US,456.16,556.07,False,2023-02-01,41,0.063
CUST-0408,2022-05-01,Starter,EU,117.47,376.75,True,,37,0.0595
CUST-0409,2022-03-01,Enterprise,APAC,2029.77,2822.12,True,,40,0.0376
CUST-0410,2022-08-01,Starter,US,63.31,364.13,False,2022-08-01,47,0.042
CUST-0411,2022-10-01,Growth,UK,289.41,664.84,True,,50,0.0704
CUST-0412,2022-07-01,Growth,EU,380.75,618.33,False,2022-10-01,42,0.0583
CUST-0413,2024-03-01,Starter,APAC,86.28,372.21,True,,18,0.079
CUST-0414,2024-06-01,Growth,UK,231.36,551.5,True,,54,0.0584
CUST-0415,2022-02-01,Starter,US,106.74,204.01,False,2023-04-01,42,0.0449
CUST-0416,2022-08-01,Growth,UK,358.34,707.05,True,,50,0.0229
CUST-0417,2022-04-01,Starter,US,88.77,203.17,False,2022-09-01,39,0.0285
CUST-0418,2023-07-01,Growth,UK,253.22,543.85,True,,36,0.028
CUST-0419,2022-02-01,Growth,APAC,251.38,796.66,False,2024-05-01,55,0.0738
CUST-0420,2022-08-01,Growth,US,286.49,755.38,True,,39,0.0489
CUST-0421,2022-02-01,Starter,US,116.43,381.19,False,2024-08-01,45,0.0674
CUST-0422,2022-02-01,Starter,US,94.26,281.58,False,2022-06-01,24,0.0545
CUST-0423,2022-10-01,Starter,US,85.8,396.89,False,2023-05-01,20,0.0433
CUST-0424,2024-02-01,Starter,EU,92.98,377.56,True,,31,0.0709
CUST-0425,2023-03-01,Growth,US,324.63,663.19,True,,44,0.0388
CUST-0426,2024-09-01,Growth,UK,228.49,791.27,False,2024-11-01,43,0.0467
CUST-0427,2022-06-01,Starter,US,113.33,209.66,False,2024-07-01,43,0.0761
CUST-0428,2024-06-01,Starter,UK,61.14,207.18,False,2024-09-01,51,0.0362
CUST-0429,2024-11-01,Growth,US,406.49,587.89,True,,42,0.0675
CUST-0430,2023-10-01,Growth,EU,473.99,743.43,True,,59,0.0604
CUST-0431,2023-01-01,Starter,EU,83.93,304.43,False,2024-01-01,41,0.0236
CUST-0432,2024-05-01,Growth,US,462.32,840.4,True,,50,0.0261
CUST-0433,2024-07-01,Growth,EU,209.35,848.08,True,,28,0.0341
CUST-0434,2023-11-01,Starter,US,67.36,286.69,False,2024-02-01,24,0.0343
CUST-0435,2023-11-01,Growth,UK,330.68,665.94,True,,43,0.0552
CUST-0436,2024-05-01,Enterprise,US,2352.86,3227.68,True,,65,0.0777
CUST-0437,2024-02-01,Starter,UK,106.22,299.92,True,,38,0.037
CUST-0438,2024-02-01,Starter,UK,110.33,206.46,True,,26,0.0449
CUST-0439,2022-05-01,Starter,UK,61.33,260.74,False,2023-12-01,28,0.0317
CUST-0440,2023-07-01,Growth,EU,289.54,755.24,False,2023-12-01,63,0.0292
CUST-0441,2022-12-01,Starter,APAC,68.96,248.2,False,2024-08-01,26,0.0304
CUST-0442,2022-12-01,Growth,UK,313.84,702.62,True,,40,0.0606
CUST-0443,2023-03-01,Starter,US,100.16,243.23,False,2023-08-01,22,0.0716
CUST-0444,2022-08-01,Starter,APAC,107.61,217.12,False,2022-10-01,52,0.069
CUST-0445,2023-08-01,Starter,EU,88.81,363.13,False,2024-03-01,38,0.0308
CUST-0446,2023-07-01,Starter,UK,79.76,317.56,False,2023-09-01,24,0.0245
CUST-0447,2024-12-01,Growth,APAC,221.27,575.74,True,,48,0.0587
CUST-0448,2022-09-01,Starter,EU,90.82,248.05,False,2023-12-01,45,0.0263
CUST-0449,2022-09-01,Starter,US,86.47,213.0,False,2024-07-01,56,0.0698
CUST-0450,2023-05-01,Starter,EU,71.84,263.45,False,2023-07-01,30,0.0295
CUST-0451,2023-04-01,Growth,UK,336.01,706.85,True,,36,0.0564
CUST-0452,2024-12-01,Starter,APAC,70.54,212.91,True,,36,0.0415
CUST-0453,2022-05-01,Starter,EU,89.94,386.31,False,2022-09-01,35,0.0428
CUST-0454,2024-11-01,Starter,APAC,87.13,226.7,False,2024-11-01,18,0.0665
CUST-0455,2022-03-01,Growth,EU,313.48,689.27,False,2022-09-01,44,0.0452
CUST-0456,2024-03-01,Starter,US,100.16,214.36,False,2024-04-01,17,0.0526
CUST-0457,2024-09-01,Starter,US,93.9,371.73,True,,29,0.0767
CUST-0458,2024-11-01,Starter,US,110.6,240.76,True,,53,0.0655
CUST-0459,2024-06-01,Growth,US,230.33,623.54,False,2024-09-01,47,0.0606
CUST-0460,2024-05-01,Growth,EU,200.91,599.17,True,,49,0.0686
CUST-0461,2024-05-01,Starter,US,112.05,257.51,False,2024-08-01,36,0.0565
CUST-0462,2022-06-01,Enterprise,EU,800.7,3788.55,True,,65,0.0727
CUST-0463,2024-06-01,Growth,EU,457.8,737.93,True,,39,0.03
CUST-0464,2022-04-01,Enterprise,US,2112.45,4484.64,False,2024-11-01,53,0.0442
CUST-0465,2022-11-01,Enterprise,EU,1700.4,3043.31,False,2024-07-01,55,0.0709
CUST-0466,2024-05-01,Starter,US,80.73,251.92,True,,21,0.0768
CUST-0467,2024-02-01,Growth,EU,448.15,670.0,True,,26,0.0469
CUST-0468,2023-04-01,Growth,UK,486.0,694.05,False,2023-05-01,56,0.0739
CUST-0469,2022-03-01,Enterprise,APAC,2001.95,2532.45,False,2023-03-01,50,0.0564
CUST-0470,2022-04-01,Starter,US,98.91,261.89,False,2022-06-01,39,0.0674
CUST-0471,2023-10-01,Starter,UK,96.35,392.57,True,,26,0.0733
CUST-0472,2024-04-01,Growth,US,465.0,698.29,True,,63,0.037
CUST-0473,2022-08-01,Starter,EU,87.25,277.17,False,2023-04-01,45,0.029
CUST-0474,2023-07-01,Starter,UK,96.58,239.3,False,2024-03-01,70,0.0603
CUST-0475,2024-02-01,Growth,EU,377.11,528.05,False,2024-02-01,47,0.0745
CUST-0476,2023-10-01,Growth,US,323.42,879.09,True,,28,0.0737
CUST-0477,2024-08-01,Starter,UK,81.38,264.7,False,2024-08-01,0,0.0295
CUST-0478,2022-06-01,Growth,US,344.24,896.81,True,,45,0.0225
CUST-0479,2024-06-01,Growth,US,435.0,640.92,False,2024-08-01,45,0.0795
CUST-0480,2023-10-01,Growth,UK,348.99,557.67,True,,31,0.0615
CUST-0481,2022-12-01,Growth,EU,401.45,501.74,False,2023-08-01,54,0.0614
CUST-0482,2023-03-01,Growth,EU,319.8,573.89,False,2024-03-01,39,0.0418
CUST-0483,2024-05-01,Growth,EU,388.62,721.49,True,,42,0.0543
CUST-0484,2024-01-01,Growth,UK,448.41,563.0,True,,57,0.0736
CUST-0485,2023-03-01,Starter,US,117.86,222.91,False,2024-04-01,20,0.0405
CUST-0486,2022-09-01,Growth,UK,396.37,881.64,True,,48,0.0535
CUST-0487,2023-09-01,Growth,UK,437.23,649.57,True,,46,0.057
CUST-0488,2022-10-01,Growth,UK,281.77,848.62,False,2024-09-01,42,0.0438
CUST-0489,2024-10-01,Growth,APAC,478.27,623.09,True,,35,0.0765
CUST-0490,2024-11-01,Growth,UK,476.75,841.07,True,,31,0.0503
CUST-0491,2023-01-01,Starter,UK,115.82,272.93,False,2023-09-01,36,0.0648
CUST-0492,2022-05-01,Growth,EU,387.51,841.61,False,2022-08-01,48,0.0261
CUST-0493,2023-09-01,Growth,EU,461.63,615.57,True,,25,0.0485
CUST-0494,2022-08-01,Growth,APAC,365.18,600.23,False,2024-06-01,40,0.0302
CUST-0495,2022-02-01,Growth,US,363.25,717.39,False,2023-11-01,43,0.032
CUST-0496,2022-08-01,Starter,EU,60.51,209.56,True,,31,0.0345
CUST-0497,2024-11-01,Growth,EU,389.41,738.61,True,,52,0.0581
CUST-0498,2023-01-01,Growth,US,279.91,859.78,False,2023-12-01,38,0.026
CUST-0499,2023-01-01,Starter,EU,110.46,302.7,True,,34,0.0332
CUST-0500,2023-04-01,Growth,EU,314.33,787.79,False,2023-07-01,47,0.0248
CUST-0501,2022-10-01,Starter,APAC,110.46,328.74,False,2023-08-01,26,0.0216
CUST-0502,2024-03-01,Growth,UK,351.55,799.21,True,,45,0.026
CUST-0503,2024-03-01,Growth,US,274.96,746.49,True,,45,0.0283
CUST-0504,2022-06-01,Starter,EU,78.64,292.19,False,2022-10-01,44,0.0799
CUST-0505,2023-04-01,Growth,EU,321.99,724.32,True,,73,0.0592
CUST-0506,2024-03-01,Enterprise,UK,2476.96,4145.23,True,,51,0.058
CUST-0507,2022-04-01,Starter,EU,89.3,204.51,True,,24,0.0378
CUST-0508,2022-06-01,Growth,UK,231.34,595.01,False,2023-12-01,34,0.0641
CUST-0509,2022-09-01,Starter,EU,102.93,344.32,False,2023-12-01,30,0.0249
CUST-0510,2024-12-01,Starter,US,90.08,208.68,True,,37,0.0308
CUST-0511,2022-02-01,Growth,US,222.23,685.89,False,2022-09-01,45,0.0237
CUST-0512,2023-06-01,Enterprise,UK,1986.97,3871.32,True,,50,0.0451
CUST-0513,2022-09-01,Starter,US,62.03,318.63,False,2023-04-01,41,0.0269
CUST-0514,2024-06-01,Enterprise,EU,2385.32,2745.41,True,,54,0.0349
CUST-0515,2024-02-01,Growth,EU,386.25,856.4,True,,37,0.0529
CUST-0516,2023-06-01,Starter,UK,85.27,213.7,False,2024-05-01,26,0.0312
CUST-0517,2023-12-01,Enterprise,US,1090.61,2131.71,True,,56,0.0314
CUST-0518,2023-01-01,Starter,UK,83.22,312.53,True,,37,0.0519
CUST-0519,2022-10-01,Growth,APAC,409.73,868.72,True,,44,0.0448
CUST-0520,2023-12-01,Starter,UK,118.03,287.73,True,,40,0.0304
CUST-0521,2022-10-01,Starter,US,90.0,228.18,False,2023-03-01,32,0.0577
CUST-0522,2022-10-01,Growth,UK,414.23,794.37,False,2023-11-01,46,0.0387
CUST-0523,2022-04-01,Growth,UK,337.24,707.07,False,2023-09-01,53,0.0639
CUST-0524,2024-08-01,Starter,EU,105.65,397.21,True,,47,0.0676
CUST-0525,2024-12-01,Starter,US,81.91,278.56,True,,35,0.0661
CUST-0526,2024-08-01,Starter,UK,60.07,215.76,False,2024-10-01,42,0.0493
CUST-0527,2022-05-01,Growth,EU,324.42,872.14,True,,42,0.0638
CUST-0528,2022-12-01,Growth,EU,436.99,826.08,False,2023-02-01,49,0.0226
CUST-0529,2022-12-01,Enterprise,US,1775.73,4589.09,False,2023-10-01,41,0.0746
CUST-0530,2023-06-01,Starter,UK,102.73,315.96,True,,31,0.0681
CUST-0531,2023-01-01,Growth,EU,415.33,771.93,False,2023-03-01,34,0.0535
CUST-0532,2023-04-01,Enterprise,US,1785.7,3110.27,True,,51,0.0789
CUST-0533,2023-11-01,Enterprise,APAC,984.63,3418.38,False,2024-04-01,42,0.0352
CUST-0534,2024-04-01,Starter,UK,88.22,313.83,True,,44,0.0787
CUST-0535,2022-10-01,Growth,EU,364.99,696.72,False,2024-09-01,42,0.0395
CUST-0536,2023-05-01,Starter,EU,111.46,379.5,False,2024-02-01,48,0.0586
CUST-0537,2022-11-01,Growth,EU,411.05,739.16,False,2022-12-01,32,0.0536
CUST-0538,2022-10-01,Starter,APAC,70.62,205.7,False,2022-11-01,53,0.0642
CUST-0539,2023-11-01,Starter,APAC,94.76,240.46,False,2024-11-01,44,0.0482
CUST-0540,2024-04-01,Starter,US,98.56,378.55,True,,20,0.0522
CUST-0541,2022-08-01,Growth,UK,410.84,681.11,False,2023-11-01,58,0.066
CUST-0542,2023-05-01,Starter,UK,85.0,351.46,True,,25,0.0301
CUST-0543,2023-11-01,Starter,UK,61.45,325.0,False,2024-04-01,26,0.032
CUST-0544,2024-12-01,Starter,US,89.19,325.04,True,,54,0.0607
CUST-0545,2023-01-01,Starter,US,88.16,384.92,False,2023-11-01,31,0.0337
CUST-0546,2024-11-01,Starter,APAC,93.21,323.22,True,,48,0.0749
CUST-0547,2022-01-01,Starter,US,86.73,374.73,False,2022-02-01,33,0.0455
CUST-0548,2022-07-01,Enterprise,US,1526.65,3879.93,True,,39,0.0578
CUST-0549,2022-08-01,Enterprise,US,2325.31,4672.48,True,,55,0.0278
CUST-0550,2022-02-01,Growth,UK,409.71,601.16,False,2022-05-01,62,0.0553
CUST-0551,2023-05-01,Growth,EU,404.46,772.04,True,,36,0.0571
CUST-0552,2022-06-01,Starter,US,112.99,315.41,False,2023-06-01,33,0.0228
CUST-0553,2022-12-01,Starter,US,77.85,382.54,False,2024-01-01,29,0.053
CUST-0554,2023-01-01,Starter,US,65.34,338.8,True,,44,0.026
CUST-0555,2023-07-01,Growth,EU,487.3,847.08,False,2023-07-01,56,0.042
CUST-0556,2024-04-01,Growth,US,491.18,721.97,True,,40,0.0595
CUST-0557,2023-03-01,Starter,US,71.65,226.09,False,2023-10-01,35,0.0589
CUST-0558,2024-09-01,Growth,US,490.77,743.47,True,,61,0.0541
CUST-0559,2023-08-01,Starter,UK,117.02,214.48,True,,47,0.0433
CUST-0560,2023-04-01,Starter,UK,115.86,324.69,False,2023-10-01,43,0.0201
CUST-0561,2024-01-01,Growth,UK,298.18,615.9,False,2024-07-01,45,0.0618
CUST-0562,2024-08-01,Enterprise,UK,2157.44,3572.11,True,,51,0.0461
CUST-0563,2024-03-01,Starter,UK,117.51,346.94,True,,50,0.0382
CUST-0564,2023-10-01,Growth,EU,289.41,514.03,False,2023-10-01,52,0.0216
CUST-0565,2022-09-01,Growth,US,329.52,681.2,False,2024-07-01,53,0.0772
CUST-0566,2023-09-01,Starter,US,79.84,218.06,True,,42,0.065
CUST-0567,2024-10-01,Growth,UK,206.01,727.99,False,2024-11-01,46,0.0515
CUST-0568,2023-10-01,Growth,US,377.09,752.0,True,,45,0.0245
CUST-0569,2024-06-01,Enterprise,EU,2120.51,3877.54,True,,41,0.0325
CUST-0570,2023-03-01,Growth,APAC,477.02,666.94,False,2023-04-01,43,0.0384
CUST-0571,2023-07-01,Growth,EU,242.02,639.31,True,,39,0.0418
CUST-0572,2024-03-01,Enterprise,US,2019.35,4293.86,True,,42,0.0435
CUST-0573,2022-07-01,Starter,US,89.8,320.0,False,2024-08-01,25,0.0755
CUST-0574,2022-08-01,Starter,US,64.27,359.74,False,2024-10-01,31,0.0371
CUST-0575,2024-08-01,Starter,UK,116.98,265.82,True,,36,0.0789
CUST-0576,2024-10-01,Growth,UK,426.97,744.21,True,,62,0.0492
CUST-0577,2024-03-01,Starter,UK,106.63,245.8,False,2024-09-01,54,0.0535
CUST-0578,2024-06-01,Growth,UK,209.18,613.32,True,,31,0.0356
CUST-0579,2022-06-01,Growth,UK,344.74,738.94,False,2022-11-01,55,0.0676
CUST-0580,2024-05-01,Starter,APAC,115.02,341.35,False,2024-08-01,26,0.063
CUST-0581,2022-05-01,Starter,EU,102.44,334.33,False,2022-08-01,44,0.0446
CUST-0582,2024-10-01,Growth,APAC,219.17,566.4,True,,58,0.0393
CUST-0583,2023-10-01,Starter,UK,116.93,327.09,True,,49,0.0226
CUST-0584,2023-03-01,Growth,US,342.57,841.84,True,,47,0.0504
CUST-0585,2023-06-01,Starter,APAC,105.21,305.02,False,2024-11-01,43,0.0248
CUST-0586,2024-06-01,Enterprise,UK,2232.74,3444.62,True,,49,0.0523
CUST-0587,2022-04-01,Growth,US,323.53,689.52,False,2022-07-01,33,0.0734
CUST-0588,2023-06-01,Enterprise,UK,902.37,2244.47,False,2023-10-01,60,0.0489
CUST-0589,2023-11-01,Starter,UK,85.22,315.42,False,2024-08-01,35,0.0597
CUST-0590,2022-02-01,Starter,US,100.81,211.63,True,,33,0.0727
CUST-0591,2022-04-01,Starter,UK,67.84,314.27,False,2024-10-01,29,0.0624
CUST-0592,2023-03-01,Starter,EU,88.15,366.23,False,2023-03-01,37,0.0364
CUST-0593,2022-12-01,Starter,US,107.93,389.04,False,2023-10-01,20,0.03
CUST-0594,2024-09-01,Starter,UK,111.95,226.43,True,,17,0.0423
CUST-0595,2024-04-01,Starter,UK,111.67,362.62,False,2024-04-01,36,0.0519
CUST-0596,2023-07-01,Starter,APAC,117.81,288.74,False,2023-08-01,14,0.0529
CUST-0597,2024-11-01,Growth,UK,298.86,652.65,True,,53,0.0536
CUST-0598,2022-07-01,Starter,US,107.67,208.0,False,2024-02-01,32,0.046
CUST-0599,2024-08-01,Growth,EU,480.66,879.96,False,2024-12-01,47,0.0586
CUST-0600,2022-01-01,Enterprise,US,2118.61,2864.45,True,,63,0.0491
CUST-0601,2023-12-01,Starter,EU,72.63,267.75,True,,43,0.0611
CUST-0602,2022-04-01,Growth,EU,386.49,551.29,False,2023-05-01,45,0.043
CUST-0603,2024-10-01,Starter,EU,76.5,366.97,False,2024-11-01,33,0.0759
CUST-0604,2024-02-01,Starter,US,89.61,339.31,False,2024-05-01,28,0.0582
CUST-0605,2022-01-01,Starter,UK,66.64,325.55,False,2023-11-01,43,0.0365
CUST-0606,2024-06-01,Starter,US,103.6,378.98,True,,32,0.0268
CUST-0607,2024-11-01,Starter,US,96.25,363.35,True,,27,0.0624
CUST-0608,2023-06-01,Growth,US,212.7,504.48,False,2024-02-01,25,0.0231
CUST-0609,2023-09-01,Enterprise,UK,2164.17,4210.06,False,2024-07-01,64,0.0289
CUST-0610,2024-11-01,Growth,UK,278.58,775.54,True,,59,0.0502
CUST-0611,2023-06-01,Starter,UK,111.55,280.7,False,2024-05-01,41,0.068
CUST-0612,2024-07-01,Starter,UK,118.08,264.01,False,2024-07-01,19,0.0417
CUST-0613,2022-03-01,Starter,UK,74.65,345.8,False,2023-11-01,33,0.0302
CUST-0614,2023-10-01,Growth,US,390.24,550.69,True,,44,0.026
CUST-0615,2023-12-01,Growth,EU,404.92,732.21,True,,55,0.0278
CUST-0616,2023-03-01,Enterprise,US,1524.59,2996.84,True,,49,0.0534
CUST-0617,2024-04-01,Starter,US,100.33,206.42,False,2024-08-01,52,0.031
CUST-0618,2023-01-01,Growth,EU,448.67,741.37,True,,39,0.0704
CUST-0619,2023-11-01,Enterprise,UK,871.48,3794.71,True,,73,0.0783
CUST-0620,2024-10-01,Starter,APAC,81.01,244.87,True,,40,0.0646
CUST-0621,2022-07-01,Starter,US,108.6,296.26,False,2024-05-01,25,0.0653
CUST-0622,2023-07-01,Starter,US,77.2,356.3,False,2024-07-01,34,0.0671
CUST-0623,2023-10-01,Growth,US,300.85,617.73,False,2024-12-01,53,0.0343
CUST-0624,2024-11-01,Starter,APAC,73.05,385.76,True,,32,0.062
CUST-0625,2024-01-01,Starter,EU,63.91,209.98,True,,50,0.0489
CUST-0626,2023-12-01,Starter,APAC,61.45,276.57,False,2024-09-01,49,0.0301
CUST-0627,2024-07-01,Starter,EU,119.92,325.93,True,,30,0.0743
CUST-0628,2023-05-01,Starter,UK,94.72,272.86,False,2024-08-01,29,0.0301
CUST-0629,2024-03-01,Starter,UK,65.39,226.39,True,,38,0.0445
CUST-0630,2022-02-01,Starter,US,101.72,250.55,False,2024-05-01,27,0.0226
CUST-0631,2022-04-01,Starter,UK,62.2,285.86,False,2024-01-01,32,0.0225
CUST-0632,2023-11-01,Starter,US,77.76,312.32,False,2024-08-01,38,0.0795
CUST-0633,2024-08-01,Starter,US,73.5,295.36,True,,38,0.0231
CUST-0634,2023-11-01,Starter,UK,116.45,238.79,True,,29,0.0762
CUST-0635,2024-06-01,Starter,UK,108.07,354.33,True,,35,0.0732
CUST-0636,2023-08-01,Growth,APAC,209.17,887.96,True,,43,0.0561
CUST-0637,2023-09-01,Growth,EU,388.9,894.77,False,2024-09-01,39,0.0346
CUST-0638,2024-10-01,Starter,US,95.98,270.01,True,,38,0.0344
CUST-0639,2024-04-01,Starter,US,109.07,338.38,True,,45,0.0633
CUST-0640,2023-06-01,Enterprise,US,2481.61,4622.17,False,2024-03-01,52,0.0213
CUST-0641,2024-11-01,Starter,UK,104.6,363.12,True,,48,0.0511
CUST-0642,2024-02-01,Growth,EU,227.25,551.57,True,,39,0.0617
CUST-0643,2022-05-01,Growth,EU,226.39,781.99,False,2023-11-01,54,0.0598
CUST-0644,2024-03-01,Starter,UK,66.43,278.35,False,2024-11-01,41,0.0787
CUST-0645,2024-06-01,Starter,EU,64.24,308.19,True,,49,0.0269
CUST-0646,2024-02-01,Enterprise,EU,2240.94,2632.04,True,,56,0.0649
CUST-0647,2022-03-01,Growth,US,275.78,883.08,False,2022-03-01,44,0.0672
CUST-0648,2022-07-01,Growth,UK,387.05,643.09,True,,43,0.0289
CUST-0649,2022-12-01,Enterprise,US,2030.77,3985.85,True,,53,0.0612
CUST-0650,2023-09-01,Starter,EU,118.09,390.83,True,,25,0.0548
CUST-0651,2024-10-01,Growth,UK,389.49,627.1,True,,49,0.0261
CUST-0652,2023-09-01,Growth,US,262.73,681.26,True,,57,0.0768
CUST-0653,2024-12-01,Starter,EU,96.84,372.17,True,,14,0.0419
CUST-0654,2024-02-01,Enterprise,UK,1112.06,3273.93,True,,62,0.0692
CUST-0655,2022-06-01,Starter,APAC,116.48,317.76,False,2023-05-01,36,0.0411
CUST-0656,2024-06-01,Starter,US,97.28,304.3,False,2024-09-01,43,0.0607
CUST-0657,2023-03-01,Growth,US,222.01,578.34,True,,43,0.0782
CUST-0658,2023-09-01,Growth,EU,360.52,819.0,False,2024-08-01,42,0.0418
CUST-0659,2023-10-01,Growth,UK,250.29,835.1,True,,33,0.0733
CUST-0660,2024-08-01,Starter,US,88.19,251.28,True,,19,0.0767
CUST-0661,2024-10-01,Growth,US,466.64,631.18,False,2024-12-01,46,0.0714
CUST-0662,2022-05-01,Starter,US,85.18,237.63,False,2022-05-01,36,0.0782
CUST-0663,2022-02-01,Starter,APAC,60.49,328.29,False,2022-07-01,44,0.0445
CUST-0664,2023-01-01,Growth,UK,397.92,629.43,True,,50,0.0698
CUST-0665,2024-03-01,Starter,UK,63.01,279.32,True,,0,0.0474
CUST-0666,2024-04-01,Starter,EU,112.73,336.37,False,2024-12-01,37,0.0356
CUST-0667,2022-01-01,Growth,US,291.16,716.21,False,2022-12-01,49,0.0614
CUST-0668,2022-05-01,Growth,EU,245.13,686.39,False,2024-02-01,52,0.0505
CUST-0669,2023-08-01,Enterprise,EU,2290.66,4345.17,True,,70,0.0608
CUST-0670,2023-07-01,Starter,US,92.76,280.19,False,2023-08-01,43,0.0473
CUST-0671,2023-06-01,Growth,US,265.93,525.91,False,2024-11-01,50,0.0425
CUST-0672,2023-12-01,Enterprise,EU,1435.94,2811.3,True,,44,0.0697
CUST-0673,2024-06-01,Enterprise,US,1121.33,2575.66,True,,51,0.0247
CUST-0674,2024-08-01,Starter,APAC,77.78,283.03,False,2024-11-01,32,0.064
CUST-0675,2023-08-01,Starter,US,96.79,306.2,False,2024-07-01,24,0.078
CUST-0676,2023-07-01,Growth,UK,351.12,564.71,True,,47,0.0575
CUST-0677,2023-04-01,Starter,UK,93.13,311.53,False,2024-03-01,26,0.0746
CUST-0678,2023-09-01,Growth,UK,246.7,752.17,False,2024-08-01,35,0.0239
CUST-0679,2024-06-01,Growth,EU,252.18,837.08,True,,52,0.0251
CUST-0680,2024-02-01,Starter,EU,83.68,235.97,False,2024-07-01,24,0.0524
CUST-0681,2022-08-01,Growth,UK,330.53,714.15,True,,38,0.035
CUST-0682,2024-04-01,Starter,US,68.22,297.65,True,,38,0.0295
CUST-0683,2024-07-01,Starter,EU,65.55,383.19,False,2024-08-01,26,0.0702
CUST-0684,2024-07-01,Growth,UK,477.86,824.58,True,,45,0.0304
CUST-0685,2022-02-01,Starter,US,104.05,390.17,False,2022-03-01,35,0.0658
CUST-0686,2024-06-01,Starter,US,65.48,350.0,False,2024-08-01,30,0.0282
CUST-0687,2022-05-01,Starter,UK,107.6,334.2,False,2024-07-01,34,0.0615
CUST-0688,2024-10-01,Growth,US,287.82,569.74,True,,42,0.0771
CUST-0689,2022-07-01,Growth,US,312.45,597.68,True,,33,0.0534
CUST-0690,2024-03-01,Starter,EU,71.54,254.14,True,,53,0.0335
CUST-0691,2022-03-01,Starter,EU,80.79,267.82,True,,36,0.0447
CUST-0692,2022-01-01,Growth,US,462.2,854.92,False,2022-01-01,35,0.0732
CUST-0693,2022-09-01,Starter,UK,111.83,319.25,False,2023-09-01,45,0.0328
CUST-0694,2023-11-01,Starter,APAC,96.79,280.08,False,2023-11-01,35,0.0275
CUST-0695,2024-07-01,Starter,US,93.2,214.77,True,,44,0.0609
CUST-0696,2024-10-01,Starter,UK,72.96,376.89,True,,41,0.057
CUST-0697,2024-02-01,Starter,US,67.2,345.18,False,2024-06-01,39,0.0282
CUST-0698,2022-01-01,Growth,US,234.08,847.26,False,2024-01-01,34,0.0794
CUST-0699,2023-04-01,Starter,US,61.03,389.53,False,2023-05-01,37,0.0582
CUST-0700,2023-09-01,Growth,UK,296.43,805.42,True,,32,0.038
CUST-0701,2024-11-01,Starter,UK,92.24,288.83,True,,54,0.0772
CUST-0702,2022-01-01,Growth,US,253.12,724.21,False,2022-10-01,35,0.0693
CUST-0703,2023-01-01,Starter,EU,71.66,394.79,False,2024-10-01,37,0.0617
CUST-0704,2023-02-01,Starter,UK,118.54,372.5,False,2023-07-01,34,0.0411
CUST-0705,2023-03-01,Starter,EU,82.5,313.11,False,2023-04-01,28,0.0488
CUST-0706,2023-02-01,Growth,US,362.73,883.52,False,2023-08-01,42,0.0303
CUST-0707,2023-11-01,Growth,EU,454.33,650.66,False,2023-12-01,53,0.0607
CUST-0708,2022-08-01,Starter,EU,117.18,256.37,False,2023-05-01,24,0.0201
CUST-0709,2024-03-01,Starter,UK,70.77,224.9,False,2024-10-01,22,0.0537
CUST-0710,2022-11-01,Growth,US,450.02,790.34,True,,40,0.0414
CUST-0711,2022-01-01,Growth,UK,350.26,592.68,False,2023-07-01,30,0.0542
CUST-0712,2023-08-01,Starter,US,62.8,286.47,False,2023-09-01,27,0.0605
CUST-0713,2024-05-01,Enterprise,UK,1452.98,4202.45,False,2024-07-01,44,0.0404
CUST-0714,2023-04-01,Starter,US,94.85,296.74,False,2023-12-01,18,0.0312
CUST-0715,2022-08-01,Growth,US,255.26,615.13,False,2024-06-01,60,0.0467
CUST-0716,2024-02-01,Enterprise,EU,906.12,3957.04,True,,59,0.0306
CUST-0717,2023-09-01,Starter,UK,78.35,291.92,False,2024-10-01,16,0.0396
CUST-0718,2022-07-01,Enterprise,UK,1908.21,2116.0,True,,54,0.0219
CUST-0719,2024-05-01,Enterprise,EU,1713.25,4357.6,True,,75,0.0248
CUST-0720,2023-01-01,Starter,US,96.44,237.03,False,2023-07-01,38,0.0306
CUST-0721,2022-10-01,Growth,US,323.2,611.86,True,,50,0.0322
CUST-0722,2023-09-01,Enterprise,UK,1465.27,4879.78,True,,73,0.0736
CUST-0723,2022-06-01,Starter,US,61.15,222.44,False,2023-11-01,37,0.0457
CUST-0724,2023-07-01,Enterprise,EU,1848.41,2281.17,True,,48,0.0299
CUST-0725,2024-05-01,Starter,UK,100.01,386.03,True,,47,0.0273
CUST-0726,2023-07-01,Enterprise,UK,941.47,4745.76,True,,65,0.0261
CUST-0727,2023-06-01,Starter,US,103.7,379.37,False,2023-06-01,37,0.0571
CUST-0728,2024-01-01,Starter,US,81.39,320.22,False,2024-09-01,24,0.076
CUST-0729,2022-12-01,Growth,US,294.41,692.76,False,2023-07-01,40,0.0752
CUST-0730,2022-06-01,Enterprise,US,1743.52,2730.36,True,,40,0.0799
CUST-0731,2023-09-01,Starter,UK,116.16,380.55,True,,41,0.0528
CUST-0732,2023-11-01,Growth,EU,221.16,809.12,False,2024-09-01,28,0.0254
CUST-0733,2024-02-01,Starter,APAC,82.4,377.74,True,,34,0.0224
CUST-0734,2024-10-01,Growth,UK,225.7,878.75,True,,59,0.0768
CUST-0735,2022-06-01,Growth,EU,342.42,544.01,True,,41,0.0723
CUST-0736,2023-01-01,Starter,UK,99.23,218.99,False,2024-04-01,38,0.0489
CUST-0737,2022-06-01,Starter,APAC,111.65,297.67,False,2022-06-01,26,0.0519
CUST-0738,2022-01-01,Enterprise,UK,2294.85,4813.05,False,2022-06-01,70,0.0413
CUST-0739,2024-09-01,Starter,UK,109.16,356.97,False,2024-11-01,22,0.0358
CUST-0740,2024-10-01,Growth,APAC,468.4,504.65,True,,49,0.0276
CUST-0741,2022-08-01,Starter,UK,114.51,292.91,False,2023-08-01,23,0.0312
CUST-0742,2024-07-01,Enterprise,UK,1032.7,4062.8,True,,56,0.0642
CUST-0743,2023-05-01,Starter,US,82.69,205.1,True,,35,0.0209
CUST-0744,2023-01-01,Enterprise,UK,2130.15,2927.77,False,2024-04-01,34,0.0323
CUST-0745,2024-03-01,Growth,EU,417.27,858.16,True,,57,0.051
CUST-0746,2022-01-01,Growth,UK,454.62,555.68,False,2023-03-01,17,0.0222
CUST-0747,2023-11-01,Growth,US,468.27,528.08,True,,56,0.0739
CUST-0748,2024-09-01,Enterprise,EU,2138.07,4889.61,True,,30,0.041
CUST-0749,2024-01-01,Starter,US,118.48,316.9,False,2024-06-01,32,0.0646
CUST-0750,2023-10-01,Growth,EU,382.52,516.08,False,2024-10-01,52,0.0321
CUST-0751,2022-03-01,Starter,UK,85.46,383.14,False,2023-11-01,29,0.041
CUST-0752,2023-11-01,Starter,US,69.84,292.7,False,2024-09-01,43,0.047
CUST-0753,2022-09-01,Starter,US,71.38,267.57,False,2022-12-01,23,0.0604
CUST-0754,2022-05-01,Growth,UK,368.64,686.11,False,2023-09-01,60,0.0683
CUST-0755,2023-08-01,Starter,US,79.56,312.6,False,2024-04-01,40,0.0435
CUST-0756,2022-11-01,Starter,APAC,93.76,394.92,False,2024-08-01,35,0.0597
CUST-0757,2024-12-01,Starter,US,100.43,345.85,True,,38,0.0368
CUST-0758,2023-02-01,Starter,US,74.9,351.79,False,2024-06-01,27,0.0349
CUST-0759,2022-10-01,Starter,EU,109.95,376.12,False,2022-12-01,31,0.0498
CUST-0760,2022-10-01,Starter,US,80.94,226.42,False,2023-07-01,36,0.0797
CUST-0761,2024-06-01,Growth,APAC,337.41,800.94,False,2024-10-01,44,0.0477
CUST-0762,2022-12-01,Growth,UK,246.09,805.76,False,2023-11-01,34,0.0231
CUST-0763,2023-07-01,Enterprise,UK,1460.95,2357.3,False,2024-06-01,58,0.0323
CUST-0764,2023-07-01,Enterprise,APAC,1790.63,2447.63,True,,49,0.0373
CUST-0765,2024-01-01,Growth,UK,329.48,831.33,True,,39,0.0312
CUST-0766,2023-05-01,Starter,EU,113.59,327.31,False,2024-02-01,29,0.033
CUST-0767,2022-10-01,Starter,EU,92.02,339.15,False,2022-11-01,24,0.0459
CUST-0768,2023-04-01,Starter,US,68.75,237.04,False,2024-01-01,33,0.0727
CUST-0769,2024-10-01,Starter,UK,82.21,368.24,True,,43,0.0523
CUST-0770,2022-01-01,Growth,EU,292.0,884.63,True,,28,0.0656
CUST-0771,2024-08-01,Growth,APAC,228.64,814.0,True,,38,0.0558
CUST-0772,2024-06-01,Enterprise,APAC,1422.23,2912.21,False,2024-06-01,43,0.07
CUST-0773,2024-01-01,Starter,US,66.4,223.37,True,,26,0.0636
CUST-0774,2023-09-01,Starter,US,96.78,325.66,False,2024-08-01,51,0.0528
CUST-0775,2022-12-01,Starter,APAC,80.85,325.69,False,2022-12-01,32,0.0414
CUST-0776,2023-01-01,Starter,EU,74.92,367.28,False,2024-04-01,22,0.08
CUST-0777,2024-06-01,Starter,UK,62.41,397.09,True,,40,0.0749
CUST-0778,2024-08-01,Enterprise,UK,2298.19,3681.59,True,,31,0.063
CUST-0779,2023-09-01,Starter,UK,112.2,349.25,False,2024-07-01,29,0.0481
CUST-0780,2023-07-01,Enterprise,US,2483.15,2967.49,False,2024-04-01,55,0.0636
CUST-0781,2023-01-01,Starter,US,80.86,279.97,False,2023-06-01,50,0.0291
CUST-0782,2024-06-01,Growth,UK,298.13,631.63,True,,44,0.054
CUST-0783,2022-01-01,Growth,US,490.51,762.46,True,,47,0.0759
CUST-0784,2023-03-01,Enterprise,EU,2219.55,4807.92,True,,66,0.0496
CUST-0785,2024-07-01,Enterprise,US,1039.41,3331.28,True,,60,0.0545
CUST-0786,2023-01-01,Starter,US,76.39,281.8,True,,24,0.0398
CUST-0787,2022-10-01,Growth,UK,251.07,581.05,True,,30,0.037
CUST-0788,2022-08-01,Starter,APAC,119.67,202.4,False,2023-03-01,42,0.0445
CUST-0789,2024-05-01,Starter,US,97.49,397.62,True,,20,0.0619
CUST-0790,2022-03-01,Starter,UK,115.95,393.87,False,2022-07-01,42,0.0237
CUST-0791,2023-06-01,Enterprise,EU,2314.79,3781.03,True,,62,0.0412
CUST-0792,2022-02-01,Starter,APAC,63.92,371.88,False,2022-08-01,33,0.0488
CUST-0793,2024-09-01,Enterprise,EU,1454.01,2399.46,True,,35,0.0473
CUST-0794,2024-06-01,Growth,US,263.21,834.78,True,,48,0.0284
CUST-0795,2022-10-01,Starter,US,97.1,226.21,True,,42,0.0642
CUST-0796,2023-03-01,Growth,EU,307.73,592.15,True,,45,0.0226
CUST-0797,2023-07-01,Growth,US,429.0,508.86,False,2024-02-01,51,0.0407
CUST-0798,2023-03-01,Starter,UK,85.19,377.94,False,2024-03-01,50,0.0454
CUST-0799,2024-12-01,Starter,UK,71.41,330.35,False,2024-12-01,38,0.0366
CUST-0800,2024-02-01,Growth,UK,363.17,795.82,True,,26,0.0507
CUST-0801,2023-10-01,Starter,APAC,73.75,249.97,True,,58,0.0451
CUST-0802,2022-04-01,Starter,UK,107.03,266.49,False,2023-12-01,37,0.0535
CUST-0803,2024-01-01,Growth,UK,422.33,603.64,True,,59,0.0591
CUST-0804,2024-10-01,Starter,UK,75.06,299.93,True,,29,0.0311
CUST-0805,2023-07-01,Starter,UK,100.27,391.58,False,2023-12-01,43,0.0581
CUST-0806,2024-05-01,Enterprise,EU,1108.14,4773.94,True,,60,0.0606
CUST-0807,2024-09-01,Growth,EU,442.19,653.55,True,,58,0.055
CUST-0808,2023-08-01,Starter,US,105.96,290.76,False,2023-10-01,43,0.0646
CUST-0809,2023-04-01,Starter,UK,100.24,247.27,False,2023-05-01,31,0.0615
CUST-0810,2024-09-01,Starter,US,116.71,386.62,False,2024-11-01,32,0.0759
CUST-0811,2023-12-01,Growth,UK,470.47,567.62,True,,43,0.0282
CUST-0812,2022-05-01,Enterprise,APAC,1938.15,2080.08,False,2023-06-01,76,0.033
CUST-0813,2022-10-01,Growth,EU,232.9,627.55,True,,38,0.0558
CUST-0814,2022-12-01,Growth,US,347.01,672.09,True,,42,0.0369
CUST-0815,2023-05-01,Growth,UK,402.05,669.48,True,,39,0.0253
CUST-0816,2022-11-01,Enterprise,US,2293.18,2849.23,False,2023-12-01,58,0.0527
CUST-0817,2023-08-01,Starter,US,87.82,220.71,False,2023-12-01,35,0.0484
CUST-0818,2022-05-01,Enterprise,UK,2173.63,2782.49,False,2024-03-01,56,0.0565
CUST-0819,2023-12-01,Starter,EU,89.16,281.42,True,,45,0.0619
CUST-0820,2024-12-01,Growth,US,470.11,587.42,True,,40,0.0435
CUST-0821,2024-01-01,Enterprise,US,2472.1,4630.25,True,,54,0.0445
CUST-0822,2022-10-01,Starter,EU,63.04,378.5,False,2023-04-01,31,0.0762
CUST-0823,2022-02-01,Growth,EU,450.42,513.25,False,2022-08-01,52,0.0437
CUST-0824,2022-02-01,Growth,UK,335.2,531.5,True,,50,0.063
CUST-0825,2023-09-01,Starter,US,68.98,365.19,True,,23,0.0649
CUST-0826,2024-06-01,Growth,EU,206.22,541.38,True,,33,0.0467
CUST-0827,2022-12-01,Starter,US,64.6,332.8,False,2023-02-01,32,0.0419
CUST-0828,2023-04-01,Growth,APAC,206.88,844.92,False,2024-08-01,54,0.0608
CUST-0829,2022-01-01,Growth,UK,313.11,863.67,False,2023-10-01,39,0.0523
CUST-0830,2023-01-01,Enterprise,US,1124.15,3658.13,True,,44,0.0425
CUST-0831,2022-09-01,Starter,US,108.98,341.6,True,,48,0.0763
CUST-0832,2024-05-01,Starter,EU,77.71,347.85,True,,29,0.031
CUST-0833,2024-08-01,Enterprise,EU,923.25,4685.9,True,,54,0.0351
CUST-0834,2024-01-01,Enterprise,US,2262.49,4951.08,False,2024-04-01,48,0.0565
CUST-0835,2022-02-01,Starter,US,85.52,225.4,False,2022-09-01,53,0.0278
CUST-0836,2023-09-01,Growth,US,415.24,762.99,True,,48,0.0499
CUST-0837,2023-07-01,Starter,EU,100.68,281.45,False,2023-07-01,26,0.0701
CUST-0838,2022-04-01,Growth,US,469.2,615.38,False,2022-10-01,46,0.0342
CUST-0839,2023-06-01,Growth,UK,260.43,516.81,True,,51,0.0202
CUST-0840,2022-11-01,Starter,US,105.58,352.29,False,2024-05-01,30,0.0327
CUST-0841,2023-07-01,Starter,US,66.55,292.3,False,2023-09-01,39,0.0508
CUST-0842,2023-08-01,Starter,EU,81.7,347.64,False,2024-01-01,48,0.0488
CUST-0843,2024-12-01,Growth,US,427.73,813.72,True,,46,0.0418
CUST-0844,2024-07-01,Starter,EU,116.95,269.74,True,,11,0.0702
CUST-0845,2023-04-01,Starter,UK,109.55,262.62,False,2023-10-01,31,0.0531
CUST-0846,2022-07-01,Starter,UK,86.9,331.38,False,2022-11-01,28,0.0631
CUST-0847,2022-03-01,Enterprise,US,2358.6,3928.23,True,,70,0.0424
CUST-0848,2024-09-01,Growth,EU,219.46,576.92,True,,52,0.025
CUST-0849,2024-12-01,Starter,UK,105.64,236.38,True,,34,0.0348
CUST-0850,2024-07-01,Growth,EU,470.48,698.19,True,,56,0.0227
CUST-0851,2022-10-01,Growth,EU,283.61,712.2,True,,34,0.0577
CUST-0852,2022-01-01,Enterprise,EU,1106.82,4250.25,True,,68,0.0757
CUST-0853,2024-05-01,Starter,US,112.76,230.91,False,2024-08-01,42,0.0215
CUST-0854,2023-08-01,Starter,UK,93.96,340.86,False,2024-03-01,31,0.0761
CUST-0855,2023-01-01,Enterprise,UK,996.87,3004.0,False,2024-07-01,55,0.062
CUST-0856,2023-10-01,Enterprise,US,1101.95,2477.5,True,,62,0.0205
CUST-0857,2022-07-01,Growth,EU,471.49,501.76,False,2022-07-01,40,0.0785
CUST-0858,2023-10-01,Starter,US,79.47,371.39,False,2024-06-01,34,0.0692
CUST-0859,2022-06-01,Starter,US,108.54,301.07,False,2023-10-01,31,0.0584
CUST-0860,2023-08-01,Enterprise,UK,2038.89,4987.59,True,,64,0.0354
CUST-0861,2023-03-01,Growth,US,371.57,885.87,True,,44,0.0434
CUST-0862,2024-05-01,Starter,EU,62.69,308.43,False,2024-05-01,39,0.0667
CUST-0863,2024-08-01,Starter,US,106.7,344.88,True,,12,0.0757
CUST-0864,2024-07-01,Starter,US,74.17,275.4,True,,29,0.0648
CUST-0865,2024-05-01,Enterprise,APAC,1567.57,2334.79,True,,56,0.078
CUST-0866,2023-06-01,Starter,UK,102.34,230.39,False,2023-07-01,22,0.046
CUST-0867,2022-04-01,Growth,US,380.5,743.43,True,,42,0.0579
CUST-0868,2022-07-01,Growth,EU,280.6,548.49,False,2023-06-01,46,0.0562
CUST-0869,2023-11-01,Starter,US,101.91,323.49,True,,40,0.0583
CUST-0870,2023-06-01,Enterprise,APAC,1827.41,2908.32,True,,46,0.0754
CUST-0871,2023-10-01,Growth,UK,311.99,725.83,True,,52,0.058
CUST-0872,2022-11-01,Growth,APAC,210.73,506.92,False,2024-09-01,61,0.0346
CUST-0873,2023-09-01,Starter,US,62.47,299.13,False,2023-09-01,28,0.079
CUST-0874,2024-12-01,Starter,EU,111.85,340.75,False,2024-12-01,26,0.0377
CUST-0875,2022-05-01,Growth,APAC,394.06,888.12,False,2022-09-01,54,0.0648
CUST-0876,2022-10-01,Starter,US,67.43,216.01,False,2022-11-01,43,0.0775
CUST-0877,2023-08-01,Growth,APAC,322.04,607.86,False,2023-11-01,57,0.0768
CUST-0878,2023-04-01,Starter,EU,85.92,211.34,False,2024-08-01,27,0.0603
CUST-0879,2023-03-01,Starter,UK,68.21,368.99,False,2023-12-01,22,0.0721
CUST-0880,2023-10-01,Growth,US,348.87,860.11,True,,34,0.061
CUST-0881,2022-01-01,Starter,US,95.82,258.18,False,2023-10-01,26,0.0604
CUST-0882,2022-05-01,Starter,EU,82.85,266.58,False,2023-03-01,43,0.0706
CUST-0883,2022-06-01,Growth,EU,311.73,815.96,False,2022-06-01,25,0.0589
CUST-0884,2022-12-01,Enterprise,US,1160.95,2223.87,True,,43,0.0356
CUST-0885,2022-01-01,Growth,UK,233.46,571.08,False,2023-08-01,60,0.0528
CUST-0886,2024-01-01,Growth,US,358.23,629.78,False,2024-09-01,41,0.0507
CUST-0887,2024-08-01,Starter,EU,60.09,290.23,False,2024-11-01,30,0.0293
CUST-0888,2022-07-01,Starter,EU,62.89,300.99,False,2023-03-01,29,0.0419
CUST-0889,2023-09-01,Starter,EU,99.2,304.4,False,2024-02-01,30,0.0329
CUST-0890,2024-04-01,Growth,UK,260.36,709.29,True,,30,0.077
CUST-0891,2022-03-01,Growth,EU,470.99,693.33,False,2024-04-01,44,0.0765
CUST-0892,2022-10-01,Enterprise,US,1966.9,3357.05,True,,52,0.051
CUST-0893,2023-05-01,Growth,EU,415.26,626.62,True,,53,0.0773
CUST-0894,2022-06-01,Enterprise,UK,1494.0,4076.23,False,2024-09-01,54,0.0725
CUST-0895,2022-06-01,Enterprise,EU,1840.4,2579.71,True,,81,0.0418
CUST-0896,2022-12-01,Growth,EU,375.08,517.04,False,2024-11-01,43,0.0399
CUST-0897,2023-02-01,Starter,US,84.6,219.95,False,2024-09-01,27,0.0661
CUST-0898,2023-05-01,Starter,EU,82.56,379.41,False,2023-05-01,32,0.0619
CUST-0899,2023-02-01,Enterprise,EU,2317.14,2353.96,True,,70,0.0364
CUST-0900,2024-02-01,Starter,EU,75.24,246.02,False,2024-04-01,39,0.0698
CUST-0901,2024-10-01,Growth,EU,308.62,874.15,True,,24,0.0609
CUST-0902,2024-05-01,Enterprise,US,2325.94,2113.85,True,,47,0.0775
CUST-0903,2023-11-01,Growth,EU,420.3,790.8,True,,45,0.0638
CUST-0904,2024-01-01,Starter,US,106.03,323.53,True,,45,0.0248
CUST-0905,2023-03-01,Starter,EU,104.4,332.36,False,2024-12-01,24,0.0734
CUST-0906,2024-11-01,Enterprise,UK,976.62,2097.11,True,,45,0.0591
CUST-0907,2023-03-01,Enterprise,US,1755.36,3613.48,False,2023-05-01,55,0.0514
CUST-0908,2022-11-01,Growth,US,478.47,818.79,False,2023-10-01,42,0.0674
CUST-0909,2024-12-01,Starter,EU,96.65,235.96,True,,29,0.07
CUST-0910,2023-06-01,Growth,UK,362.88,787.05,False,2024-12-01,53,0.0794
CUST-0911,2022-10-01,Growth,UK,443.74,724.73,True,,52,0.076
CUST-0912,2024-05-01,Growth,UK,210.74,832.58,True,,40,0.0697
CUST-0913,2023-06-01,Growth,US,470.64,760.39,True,,62,0.0681
CUST-0914,2024-11-01,Growth,EU,233.68,676.12,True,,50,0.0375
CUST-0915,2024-06-01,Starter,UK,90.35,291.15,True,,39,0.058
CUST-0916,2024-01-01,Growth,APAC,245.81,568.98,True,,26,0.0424
CUST-0917,2022-06-01,Starter,UK,87.69,261.05,False,2022-10-01,29,0.063
CUST-0918,2024-05-01,Starter,US,84.29,256.81,False,2024-05-01,29,0.0731
CUST-0919,2023-06-01,Enterprise,UK,1511.48,3144.47,True,,58,0.0282
CUST-0920,2023-03-01,Growth,EU,470.95,659.15,False,2023-07-01,45,0.0301
CUST-0921,2022-10-01,Starter,EU,64.74,307.11,False,2023-02-01,41,0.0779
CUST-0922,2023-02-01,Starter,US,80.11,301.38,True,,40,0.0777
CUST-0923,2022-06-01,Growth,EU,308.12,656.7,False,2024-07-01,51,0.0557
CUST-0924,2022-01-01,Growth,US,417.59,699.45,False,2022-05-01,28,0.0568
CUST-0925,2022-06-01,Starter,US,99.87,296.4,False,2023-04-01,42,0.0617
CUST-0926,2022-05-01,Starter,EU,99.55,287.95,False,2024-06-01,49,0.0609
CUST-0927,2023-10-01,Starter,EU,88.8,393.14,True,,37,0.0428
CUST-0928,2022-12-01,Growth,UK,411.2,801.35,False,2024-11-01,44,0.0289
CUST-0929,2024-10-01,Starter,APAC,105.42,309.37,True,,42,0.065
CUST-0930,2023-12-01,Growth,APAC,360.42,777.49,True,,38,0.0517
CUST-0931,2022-10-01,Enterprise,US,1047.76,2689.97,True,,27,0.0563
CUST-0932,2023-05-01,Starter,APAC,76.44,384.15,True,,55,0.0703
CUST-0933,2023-05-01,Starter,US,103.89,391.08,True,,23,0.0606
CUST-0934,2023-01-01,Growth,US,476.39,600.67,False,2024-09-01,30,0.0234
CUST-0935,2022-08-01,Starter,EU,74.11,368.64,False,2023-09-01,46,0.0688
CUST-0936,2022-08-01,Growth,UK,237.25,702.82,False,2022-08-01,40,0.0435
CUST-0937,2022-12-01,Starter,US,94.79,326.52,False,2023-03-01,46,0.0342
CUST-0938,2023-06-01,Starter,US,61.97,321.59,False,2024-08-01,38,0.0304
CUST-0939,2024-03-01,Starter,EU,68.94,252.51,False,2024-05-01,44,0.0288
CUST-0940,2024-01-01,Starter,US,63.68,383.79,True,,25,0.0211
CUST-0941,2022-01-01,Growth,EU,463.11,652.42,False,2023-05-01,46,0.0541
CUST-0942,2023-12-01,Enterprise,APAC,2287.04,4354.51,True,,57,0.0373
CUST-0943,2024-01-01,Starter,US,112.84,252.23,True,,35,0.0441
CUST-0944,2022-08-01,Starter,US,94.16,360.48,False,2022-12-01,33,0.0742
CUST-0945,2023-05-01,Enterprise,EU,1015.26,3109.26,True,,63,0.0371
CUST-0946,2023-12-01,Starter,APAC,110.04,202.63,False,2024-05-01,40,0.0342
CUST-0947,2023-08-01,Starter,UK,73.35,297.48,True,,39,0.0685
CUST-0948,2023-02-01,Enterprise,EU,1257.62,3820.84,False,2024-07-01,45,0.0483
CUST-0949,2023-10-01,Starter,UK,73.13,241.2,False,2024-03-01,36,0.0576
CUST-0950,2023-10-01,Enterprise,US,2175.28,4768.47,True,,49,0.0605
CUST-0951,2022-10-01,Starter,US,76.76,346.31,False,2024-11-01,42,0.0213
CUST-0952,2024-01-01,Starter,APAC,85.69,315.71,False,2024-03-01,32,0.0566
CUST-0953,2022-12-01,Enterprise,UK,1978.99,3278.11,True,,57,0.0734
CUST-0954,2023-01-01,Growth,EU,328.44,605.43,False,2023-12-01,41,0.046
CUST-0955,2023-11-01,Starter,US,110.55,280.25,False,2024-01-01,29,0.064
CUST-0956,2022-09-01,Growth,UK,254.9,675.49,False,2023-07-01,46,0.0378
CUST-0957,2022-10-01,Enterprise,UK,2060.47,4089.82,False,2023-04-01,62,0.0401
CUST-0958,2022-10-01,Enterprise,US,1477.29,3483.83,True,,55,0.0495
CUST-0959,2023-12-01,Growth,UK,464.49,679.57,False,2024-05-01,49,0.0625
CUST-0960,2022-03-01,Starter,EU,85.53,282.7,False,2023-10-01,39,0.0607
CUST-0961,2022-06-01,Starter,US,68.99,283.97,False,2024-06-01,48,0.0418
CUST-0962,2024-06-01,Enterprise,EU,1790.42,3920.0,False,2024-06-01,53,0.0788
CUST-0963,2022-07-01,Starter,US,119.7,293.47,False,2023-10-01,49,0.0396
CUST-0964,2023-04-01,Growth,EU,333.71,863.13,True,,36,0.0541
CUST-0965,2022-09-01,Starter,EU,82.64,332.04,False,2022-12-01,28,0.0268
CUST-0966,2024-04-01,Starter,EU,114.84,273.6,True,,25,0.0734
CUST-0967,2024-01-01,Growth,APAC,257.76,827.59,False,2024-10-01,35,0.0548
CUST-0968,2023-09-01,Starter,UK,70.33,297.26,True,,30,0.0212
CUST-0969,2022-07-01,Starter,UK,104.71,266.94,True,,43,0.077
CUST-0970,2022-02-01,Starter,US,111.4,310.39,False,2022-02-01,26,0.0785
CUST-0971,2023-05-01,Growth,UK,366.02,553.12,False,2023-10-01,53,0.0687
CUST-0972,2022-10-01,Growth,US,325.91,761.83,True,,65,0.0459
CUST-0973,2022-02-01,Starter,APAC,83.05,308.8,False,2023-10-01,20,0.0263
CUST-0974,2023-02-01,Starter,UK,105.21,343.16,False,2023-03-01,48,0.0547
CUST-0975,2022-03-01,Growth,UK,496.71,832.38,False,2023-01-01,53,0.0299
CUST-0976,2023-04-01,Enterprise,UK,941.91,2121.01,False,2024-12-01,64,0.0217
CUST-0977,2023-05-01,Starter,UK,102.4,323.22,True,,40,0.0394
CUST-0978,2023-09-01,Enterprise,US,2324.06,2096.11,True,,57,0.0782
CUST-0979,2022-09-01,Starter,UK,91.05,368.67,True,,24,0.064
CUST-0980,2023-05-01,Starter,US,84.29,396.31,True,,49,0.0546
CUST-0981,2023-10-01,Starter,UK,68.7,280.9,False,2024-12-01,32,0.0347
CUST-0982,2023-10-01,Growth,UK,308.54,897.67,True,,41,0.0398
CUST-0983,2023-10-01,Starter,EU,76.67,300.41,False,2024-05-01,17,0.0429
CUST-0984,2024-04-01,Starter,UK,119.68,259.79,True,,33,0.055
CUST-0985,2022-05-01,Growth,US,336.48,503.6,True,,40,0.024
CUST-0986,2024-12-01,Starter,EU,89.41,249.27,True,,35,0.0285
CUST-0987,2023-01-01,Growth,US,486.95,810.75,True,,55,0.0306
CUST-0988,2024-05-01,Growth,US,430.16,896.27,False,2024-09-01,51,0.02
CUST-0989,2022-07-01,Starter,EU,83.87,372.38,False,2023-02-01,19,0.069
CUST-0990,2024-09-01,Enterprise,US,955.64,2168.41,True,,43,0.0289
CUST-0991,2024-05-01,Starter,US,115.56,359.77,False,2024-07-01,33,0.0502
CUST-0992,2023-06-01,Growth,EU,478.45,700.02,False,2024-03-01,43,0.074
CUST-0993,2022-06-01,Starter,US,87.93,224.27,False,2022-06-01,36,0.0262
CUST-0994,2023-11-01,Enterprise,US,1267.63,3760.3,True,,60,0.0543
CUST-0995,2023-12-01,Starter,EU,87.07,373.18,False,2024-04-01,33,0.0691
CUST-0996,2024-10-01,Growth,UK,330.01,737.93,True,,34,0.0269
CUST-0997,2023-06-01,Growth,EU,257.25,602.1,False,2024-04-01,72,0.0738
CUST-0998,2024-12-01,Enterprise,US,1245.04,2377.93,True,,50,0.0264
CUST-0999,2022-04-01,Enterprise,UK,1951.45,3854.11,True,,38,0.0548
CUST-1000,2023-12-01,Starter,UK,94.52,319.82,False,2023-12-01,29,0.0307
